,contractSymbol,lastTradeDate,strike,lastOptionPrice,bid,ask,change,percentChange,volume,openInterest,impliedVolatility,inTheMoney,contractSize,currency,type,expiration
0,JNJ250523C00125000,2025-05-15 15:44:16+00:00,125.0,24.25,27.1,27.95,0.0,0.0,,4,0.804689453125,True,REGULAR,USD,call,2025-05-23
1,JNJ250523C00129000,2025-05-16 14:04:00+00:00,129.0,22.4,23.3,23.95,0.0,0.0,2.0,2,0.8398453515625,True,REGULAR,USD,call,2025-05-23
2,JNJ250523C00130000,2025-04-07 17:53:15+00:00,130.0,22.15,24.0,25.8,0.0,0.0,,7,1.669923525390625,True,REGULAR,USD,call,2025-05-23
3,JNJ250523C00135000,2025-04-07 17:51:44+00:00,135.0,17.85,19.1,21.0,0.0,0.0,,15,1.4404324853515624,True,REGULAR,USD,call,2025-05-23
4,JNJ250523C00140000,2025-05-16 19:52:32+00:00,140.0,11.66,12.3,13.1,0.0,0.0,3.0,23,0.526371923828125,True,REGULAR,USD,call,2025-05-23
5,JNJ250523C00143000,2025-05-16 16:49:57+00:00,143.0,8.45,9.5,10.1,0.0,0.0,11.0,10,0.5634809277343751,True,REGULAR,USD,call,2025-05-23
6,JNJ250523C00144000,2025-05-14 15:10:01+00:00,144.0,3.73,8.5,9.05,0.0,0.0,,5,0.5063525927734375,True,REGULAR,USD,call,2025-05-23
7,JNJ250523C00145000,2025-05-19 14:31:08+00:00,145.0,7.4,7.0,8.1,0.5999999,8.823528,1.0,161,0.477544287109375,True,REGULAR,USD,call,2025-05-23
8,JNJ250523C00146000,2025-05-15 19:52:59+00:00,146.0,4.41,6.4,7.1,0.0,0.0,,39,0.4335994140625,True,REGULAR,USD,call,2025-05-23
9,JNJ250523C00147000,2025-05-19 16:05:01+00:00,147.0,5.4,5.2,5.95,1.2000003,28.571438,1.0,108,0.35108070800781244,True,REGULAR,USD,call,2025-05-23
10,JNJ250523C00148000,2025-05-19 14:16:38+00:00,148.0,4.3,4.6,5.15,0.3000002,7.500005,11.0,131,0.35352208984374994,True,REGULAR,USD,call,2025-05-23
11,JNJ250523C00149000,2025-05-19 19:06:58+00:00,149.0,3.75,3.9,4.45,0.5999999,19.047617,50.0,420,0.36475244628906256,True,REGULAR,USD,call,2025-05-23
12,JNJ250523C00150000,2025-05-19 19:54:38+00:00,150.0,3.15,3.15,3.35,0.3900001,14.130439,264.0,921,0.2919992675781249,True,REGULAR,USD,call,2025-05-23
13,JNJ250523C00152500,2025-05-19 19:58:25+00:00,152.5,1.54,1.45,1.6,0.25,19.379845,1525.0,400,0.25196060546875,False,REGULAR,USD,call,2025-05-23
14,JNJ250523C00155000,2025-05-19 19:59:27+00:00,155.0,0.55,0.47,0.55,0.00999999,1.85185,2938.0,807,0.23023230712890624,False,REGULAR,USD,call,2025-05-23
15,JNJ250523C00157500,2025-05-19 19:53:19+00:00,157.5,0.14,0.13,0.16,-0.08,-36.363636,1002.0,1592,0.23194127441406248,False,REGULAR,USD,call,2025-05-23
16,JNJ250523C00160000,2025-05-19 19:20:28+00:00,160.0,0.05,0.04,0.09,-0.029999997,-37.499996,872.0,4215,0.27539787109374997,False,REGULAR,USD,call,2025-05-23
17,JNJ250523C00162500,2025-05-19 19:12:01+00:00,162.5,0.04,0.01,0.03,0.01,33.333336,845.0,2064,0.2890696093749999,False,REGULAR,USD,call,2025-05-23
18,JNJ250523C00165000,2025-05-19 19:48:33+00:00,165.0,0.01,0.01,0.23,-0.01,-50.0,58.0,490,0.495122236328125,False,REGULAR,USD,call,2025-05-23
19,JNJ250523C00167500,2025-05-19 16:14:40+00:00,167.5,0.02,0.0,0.01,-0.13000001,-86.66667,2.0,6,0.35156898437499995,False,REGULAR,USD,call,2025-05-23
20,JNJ250523C00170000,2025-05-14 13:30:20+00:00,170.0,0.03,0.0,0.02,-0.13,-81.25,4.0,109,0.4335994140625,False,REGULAR,USD,call,2025-05-23
21,JNJ250523C00175000,2025-04-22 13:48:48+00:00,175.0,0.2,0.0,0.01,0.0,0.0,25.0,27,0.49219257812500006,False,REGULAR,USD,call,2025-05-23
22,JNJ250523C00180000,2025-05-01 19:20:48+00:00,180.0,0.1,0.0,0.64,0.0,0.0,,1,0.94726615234375,False,REGULAR,USD,call,2025-05-23
23,JNJ250523P00085000,2025-05-08 13:45:05+00:00,85.0,0.13,0.0,0.38,0.0,0.0,,2,2.6328159179687503,False,REGULAR,USD,put,2025-05-23
24,JNJ250523P00095000,2025-04-25 16:26:46+00:00,95.0,0.66,0.0,0.53,0.0,0.0,2.0,2,2.2949261376953123,False,REGULAR,USD,put,2025-05-23
25,JNJ250523P00100000,2025-05-19 16:16:15+00:00,100.0,0.01,0.0,0.01,-0.7,-98.59155,1.0,2,1.3125034374999998,False,REGULAR,USD,put,2025-05-23
26,JNJ250523P00115000,2025-05-14 16:33:03+00:00,115.0,0.06,0.0,0.59,0.0,0.0,3.0,13,1.4960962695312499,False,REGULAR,USD,put,2025-05-23
27,JNJ250523P00120000,2025-05-05 16:06:50+00:00,120.0,0.36,0.0,0.77,0.0,0.0,3.0,6,1.3730500097656249,False,REGULAR,USD,put,2025-05-23
28,JNJ250523P00125000,2025-05-13 15:33:37+00:00,125.0,0.06,0.0,0.86,0.0,0.0,1.0,6,1.2060586572265624,False,REGULAR,USD,put,2025-05-23
29,JNJ250523P00130000,2025-05-19 16:53:48+00:00,130.0,0.02,0.0,0.02,-0.02,-50.0,21.0,51,0.570316796875,False,REGULAR,USD,put,2025-05-23
30,JNJ250523P00135000,2025-05-19 19:48:40+00:00,135.0,0.02,0.01,0.04,-0.04,-66.66667,711.0,321,0.500005,False,REGULAR,USD,put,2025-05-23
31,JNJ250523P00137000,2025-05-19 18:10:22+00:00,137.0,0.03,0.02,0.04,-0.120000005,-80.0,13.0,41,0.476567734375,False,REGULAR,USD,put,2025-05-23
32,JNJ250523P00138000,2025-05-19 19:47:31+00:00,138.0,0.03,0.0,0.05,-0.08,-72.72727,26.0,111,0.46094289062500005,False,REGULAR,USD,put,2025-05-23
33,JNJ250523P00139000,2025-05-19 18:59:10+00:00,139.0,0.02,0.0,0.07,-0.22,-91.66667,11.0,25,0.45703667968750006,False,REGULAR,USD,put,2025-05-23
34,JNJ250523P00140000,2025-05-19 19:44:41+00:00,140.0,0.06,0.03,0.14,-0.06,-50.0,83.0,465,0.48438015625,False,REGULAR,USD,put,2025-05-23
35,JNJ250523P00141000,2025-05-19 19:38:59+00:00,141.0,0.05,0.03,0.09,-0.10000001,-66.66667,40.0,89,0.414068359375,False,REGULAR,USD,put,2025-05-23
36,JNJ250523P00142000,2025-05-19 18:58:22+00:00,142.0,0.06,0.04,0.08,-0.120000005,-66.666664,10.0,36,0.37500625,False,REGULAR,USD,put,2025-05-23
37,JNJ250523P00143000,2025-05-19 18:11:56+00:00,143.0,0.1,0.07,0.12,-0.13,-56.52174,32.0,237,0.37305314453125,False,REGULAR,USD,put,2025-05-23
38,JNJ250523P00144000,2025-05-19 19:51:38+00:00,144.0,0.08,0.09,0.13,-0.19000001,-70.37038,19.0,247,0.34570966796874997,False,REGULAR,USD,put,2025-05-23
39,JNJ250523P00145000,2025-05-19 19:51:14+00:00,145.0,0.11,0.12,0.15,-0.21,-65.625,138.0,414,0.32227240234374993,False,REGULAR,USD,put,2025-05-23
40,JNJ250523P00146000,2025-05-19 19:06:44+00:00,146.0,0.18,0.16,0.19,-0.22999999,-56.097557,141.0,230,0.3051827294921875,False,REGULAR,USD,put,2025-05-23
41,JNJ250523P00147000,2025-05-19 19:10:53+00:00,147.0,0.23,0.21,0.25,-0.37,-61.666664,78.0,178,0.28955788574218744,False,REGULAR,USD,put,2025-05-23
42,JNJ250523P00148000,2025-05-19 19:24:20+00:00,148.0,0.31,0.29,0.36,-0.38,-55.072464,168.0,196,0.28174546386718746,False,REGULAR,USD,put,2025-05-23
43,JNJ250523P00149000,2025-05-19 19:33:40+00:00,149.0,0.42,0.35,0.46,-0.53999996,-56.25,359.0,466,0.2622144091796875,False,REGULAR,USD,put,2025-05-23
44,JNJ250523P00150000,2025-05-19 19:59:22+00:00,150.0,0.63,0.55,0.61,-0.59000003,-48.360657,6519.0,1497,0.24488059814453128,False,REGULAR,USD,put,2025-05-23
45,JNJ250523P00152500,2025-05-19 19:59:53+00:00,152.5,1.5,1.33,1.48,-1.1099999,-42.528736,371.0,402,0.23169713623046873,True,REGULAR,USD,put,2025-05-23
46,JNJ250523P00155000,2025-05-19 19:58:50+00:00,155.0,2.93,2.66,3.15,-1.22,-29.39759,37.0,260,0.2475661181640625,True,REGULAR,USD,put,2025-05-23
47,JNJ250523P00157500,2025-05-14 16:39:27+00:00,157.5,11.3,4.8,5.45,0.0,0.0,3.0,168,0.31445998046874996,True,REGULAR,USD,put,2025-05-23
48,JNJ250523P00160000,2025-05-19 19:51:14+00:00,160.0,7.33,7.25,8.05,-1.46,-16.609783,5.0,1438,0.4370173486328125,True,REGULAR,USD,put,2025-05-23
49,JNJ250523P00165000,2025-04-24 16:51:37+00:00,165.0,10.51,12.25,12.7,0.0,0.0,10.0,0,0.47559118164062497,True,REGULAR,USD,put,2025-05-23
50,JNJ250523P00170000,2025-05-19 16:22:43+00:00,170.0,17.84,17.25,19.3,2.1900005,13.993614,1.0,0,0.8491226025390625,True,REGULAR,USD,put,2025-05-23
51,JNJ250523P00175000,2025-04-16 16:06:31+00:00,175.0,20.22,23.4,24.0,0.0,0.0,2.0,0,1.137211345214844,True,REGULAR,USD,put,2025-05-23
52,JNJ250523P00200000,2025-05-07 15:56:53+00:00,200.0,42.88,46.25,48.55,0.0,0.0,1.0,0,1.7753917480468748,True,REGULAR,USD,put,2025-05-23
53,JNJ250530C00130000,2025-04-11 15:00:05+00:00,130.0,21.3,19.3,20.3,0.0,0.0,,10,1.0000000000000003e-05,True,REGULAR,USD,call,2025-05-30
54,JNJ250530C00135000,2025-05-16 14:26:16+00:00,135.0,16.2,17.3,17.95,0.0,0.0,2.0,4,0.5019581054687501,True,REGULAR,USD,call,2025-05-30
55,JNJ250530C00136000,2025-05-16 16:49:57+00:00,136.0,15.3,16.3,17.0,0.0,0.0,74.0,74,0.49121602539062503,True,REGULAR,USD,call,2025-05-30
56,JNJ250530C00140000,2025-05-16 15:09:03+00:00,140.0,11.25,12.3,12.95,0.0,0.0,3.0,8,0.383795224609375,True,REGULAR,USD,call,2025-05-30
57,JNJ250530C00144000,2025-05-16 16:49:57+00:00,144.0,7.55,8.2,9.05,0.0,0.0,22.0,25,0.3051827294921875,True,REGULAR,USD,call,2025-05-30
58,JNJ250530C00145000,2025-05-19 14:10:53+00:00,145.0,6.97,7.1,8.05,0.3699999,5.606059,2.0,43,0.2797923583984374,True,REGULAR,USD,call,2025-05-30
59,JNJ250530C00146000,2025-05-19 15:41:02+00:00,146.0,6.36,5.85,7.2,0.41000032,6.890762,7.0,14,0.27637442382812494,True,REGULAR,USD,call,2025-05-30
60,JNJ250530C00147000,2025-05-16 13:47:17+00:00,147.0,5.7,5.75,6.35,1.5299997,36.69064,1.0,59,0.26856200195312496,True,REGULAR,USD,call,2025-05-30
61,JNJ250530C00148000,2025-05-19 14:36:38+00:00,148.0,4.77,4.6,5.4,0.52,12.235294,1.0,135,0.245124736328125,True,REGULAR,USD,call,2025-05-30
62,JNJ250530C00149000,2025-05-19 18:25:01+00:00,149.0,3.6,4.0,4.25,0.25,7.462687,18.0,99,0.196297099609375,True,REGULAR,USD,call,2025-05-30
63,JNJ250530C00150000,2025-05-19 19:59:24+00:00,150.0,3.3,3.25,3.45,0.51,18.27957,168.0,267,0.1870198486328125,True,REGULAR,USD,call,2025-05-30
64,JNJ250530C00152500,2025-05-19 19:54:10+00:00,152.5,1.7,1.68,1.84,0.110000014,6.91824,112.0,681,0.17469087036132813,False,REGULAR,USD,call,2025-05-30
65,JNJ250530C00155000,2025-05-19 19:57:42+00:00,155.0,0.84,0.74,0.84,0.13999999,19.999998,1884.0,643,0.17163914306640626,False,REGULAR,USD,call,2025-05-30
66,JNJ250530C00157500,2025-05-19 19:43:52+00:00,157.5,0.32,0.32,0.35,-0.04000002,-11.111116,300.0,609,0.17554535400390625,False,REGULAR,USD,call,2025-05-30
67,JNJ250530C00160000,2025-05-19 18:51:50+00:00,160.0,0.14,0.13,0.16,-0.040000007,-22.222223,478.0,3312,0.188484677734375,False,REGULAR,USD,call,2025-05-30
68,JNJ250530C00162500,2025-05-19 14:57:47+00:00,162.5,0.13,0.07,0.15,0.029999994,29.999992,30.0,518,0.2304764453125,False,REGULAR,USD,call,2025-05-30
69,JNJ250530C00165000,2025-05-19 16:31:35+00:00,165.0,0.1,0.01,0.12,0.060000002,150.0,3.0,756,0.2617261328125,False,REGULAR,USD,call,2025-05-30
70,JNJ250530C00167500,2025-05-12 16:22:04+00:00,167.5,0.18,0.0,0.1,0.0,0.0,,8,0.2910227148437499,False,REGULAR,USD,call,2025-05-30
71,JNJ250530C00170000,2025-05-19 16:23:16+00:00,170.0,0.06,0.02,0.06,0.03,100.0,4.0,200,0.30274134765625,False,REGULAR,USD,call,2025-05-30
72,JNJ250530C00175000,2025-04-24 13:30:14+00:00,175.0,0.31,0.0,0.01,0.0,0.0,1.0,8,0.29688203124999996,False,REGULAR,USD,call,2025-05-30
73,JNJ250530C00225000,2025-04-14 18:00:45+00:00,225.0,0.01,0.0,0.0,0.0,0.0,,0,0.500005,False,REGULAR,USD,call,2025-05-30
74,JNJ250530P00110000,2025-05-16 14:05:02+00:00,110.0,0.04,0.0,0.98,0.0,0.0,1.0,1,1.1240278173828124,False,REGULAR,USD,put,2025-05-30
75,JNJ250530P00115000,2025-05-19 14:46:37+00:00,115.0,0.03,0.0,0.63,-0.01,-25.0,3.0,243,0.913086806640625,False,REGULAR,USD,put,2025-05-30
76,JNJ250530P00125000,2025-05-19 16:43:40+00:00,125.0,0.04,0.0,0.76,-0.060000002,-60.0,21.0,40,0.70898728515625,False,REGULAR,USD,put,2025-05-30
77,JNJ250530P00130000,2025-05-19 14:10:28+00:00,130.0,0.06,0.0,0.42,-0.11,-64.70588,53.0,72,0.526371923828125,False,REGULAR,USD,put,2025-05-30
78,JNJ250530P00135000,2025-05-19 15:50:59+00:00,135.0,0.11,0.05,0.27,-0.08,-42.105263,6.0,188,0.44434149414062496,False,REGULAR,USD,put,2025-05-30
79,JNJ250530P00136000,2025-05-19 14:19:10+00:00,136.0,0.15,0.01,0.39,-0.059999987,-28.571423,1.0,1,0.4594780615234375,False,REGULAR,USD,put,2025-05-30
80,JNJ250530P00138000,2025-05-19 13:53:49+00:00,138.0,0.21,0.06,1.0,-0.09000002,-30.000006,1.0,1,0.540287800292969,False,REGULAR,USD,put,2025-05-30
81,JNJ250530P00139000,2025-05-19 15:50:25+00:00,139.0,0.18,0.09,0.3,-0.099999994,-35.714283,5.0,2,0.3667055517578125,False,REGULAR,USD,put,2025-05-30
82,JNJ250530P00140000,2025-05-19 19:41:02+00:00,140.0,0.18,0.16,0.2,-0.16999999,-48.571423,110.0,352,0.31445998046874996,False,REGULAR,USD,put,2025-05-30
83,JNJ250530P00141000,2025-05-15 19:37:01+00:00,141.0,0.62,0.19,0.24,0.0,0.0,,10,0.305671005859375,False,REGULAR,USD,put,2025-05-30
84,JNJ250530P00142000,2025-05-19 15:43:42+00:00,142.0,0.29,0.23,0.3,-0.56000006,-65.88236,17.0,1,0.299811689453125,False,REGULAR,USD,put,2025-05-30
85,JNJ250530P00143000,2025-05-19 19:57:00+00:00,143.0,0.28,0.28,0.33,-0.29,-50.877193,71.0,438,0.2841868457031249,False,REGULAR,USD,put,2025-05-30
86,JNJ250530P00144000,2025-05-19 17:20:20+00:00,144.0,0.4,0.34,0.41,-0.26000002,-39.39394,2.0,21,0.2775951147460937,False,REGULAR,USD,put,2025-05-30
87,JNJ250530P00145000,2025-05-19 19:30:22+00:00,145.0,0.44,0.43,0.5,-0.37,-45.679012,23.0,282,0.2695385546875,False,REGULAR,USD,put,2025-05-30
88,JNJ250530P00146000,2025-05-19 17:51:43+00:00,146.0,0.59,0.55,0.63,-0.44,-42.71845,84.0,80,0.2644116528320312,False,REGULAR,USD,put,2025-05-30
89,JNJ250530P00147000,2025-05-19 19:08:24+00:00,147.0,0.75,0.7,0.77,-0.45000005,-37.5,39.0,421,0.25659923095703124,False,REGULAR,USD,put,2025-05-30
90,JNJ250530P00148000,2025-05-19 19:47:53+00:00,148.0,0.91,0.87,0.97,-0.59,-39.333332,56.0,172,0.2524488818359375,False,REGULAR,USD,put,2025-05-30
91,JNJ250530P00149000,2025-05-19 19:31:15+00:00,149.0,1.24,1.13,1.25,-0.67999995,-35.416664,16.0,290,0.2524488818359375,False,REGULAR,USD,put,2025-05-30
92,JNJ250530P00150000,2025-05-19 19:57:58+00:00,150.0,1.44,1.43,1.58,-0.90999985,-38.7234,80.0,492,0.25220474365234374,False,REGULAR,USD,put,2025-05-30
93,JNJ250530P00152500,2025-05-19 18:26:42+00:00,152.5,2.96,2.56,2.73,-1.01,-25.440805,16.0,214,0.2580640600585938,True,REGULAR,USD,put,2025-05-30
94,JNJ250530P00155000,2025-05-19 15:55:12+00:00,155.0,4.65,4.25,4.55,-0.9499998,-16.964283,4.0,253,0.2946847875976562,True,REGULAR,USD,put,2025-05-30
95,JNJ250530P00157500,2025-05-16 18:15:08+00:00,157.5,7.82,5.45,6.85,0.0,0.0,26.0,26,0.35742830078125,True,REGULAR,USD,put,2025-05-30
96,JNJ250530P00160000,2025-05-19 15:08:23+00:00,160.0,9.25,8.45,9.55,-0.77999973,-7.776667,2.0,20,0.45386288330078123,True,REGULAR,USD,put,2025-05-30
97,JNJ250530P00165000,2025-05-14 14:41:52+00:00,165.0,19.4,13.3,13.9,0.0,0.0,1.0,18,0.5041553491210937,True,REGULAR,USD,put,2025-05-30
98,JNJ250530P00167500,2025-05-12 15:31:10+00:00,167.5,13.65,15.8,16.5,0.0,0.0,,7,0.524418818359375,True,REGULAR,USD,put,2025-05-30
99,JNJ250530P00170000,2025-04-24 19:01:22+00:00,170.0,16.25,18.35,19.0,0.0,0.0,1.0,6,0.5813030151367188,True,REGULAR,USD,put,2025-05-30
100,JNJ250530P00172500,2025-05-12 15:46:18+00:00,172.5,18.5,20.75,21.3,0.0,0.0,,33,0.6064492480468751,True,REGULAR,USD,put,2025-05-30
101,JNJ250530P00200000,2025-05-15 18:16:47+00:00,200.0,52.15,48.2,48.95,0.0,0.0,1.0,1,1.076664772949219,True,REGULAR,USD,put,2025-05-30
102,JNJ250606C00100000,2025-04-25 18:21:38+00:00,100.0,54.75,52.15,53.65,0.0,0.0,23.0,23,1.0546922265625,True,REGULAR,USD,call,2025-06-06
103,JNJ250606C00140000,2025-05-16 14:11:35+00:00,140.0,11.15,11.9,13.0,0.0,0.0,1.0,9,0.3086006640625,True,REGULAR,USD,call,2025-06-06
104,JNJ250606C00145000,2025-05-16 14:25:05+00:00,145.0,6.8,7.55,8.25,0.0,0.0,1.0,34,0.243171630859375,True,REGULAR,USD,call,2025-06-06
105,JNJ250606C00150000,2025-05-19 19:23:08+00:00,150.0,3.42,3.55,3.8,0.22000003,6.875001,19.0,95,0.17517914672851562,True,REGULAR,USD,call,2025-06-06
106,JNJ250606C00155000,2025-05-19 19:54:11+00:00,155.0,1.2,1.11,1.25,0.05000007,4.347832,53.0,139,0.1680991394042969,False,REGULAR,USD,call,2025-06-06
107,JNJ250606C00160000,2025-05-19 18:27:50+00:00,160.0,0.3,0.26,0.36,-0.03999999,-11.764703,67.0,2365,0.18164880859375,False,REGULAR,USD,call,2025-06-06
108,JNJ250606C00165000,2025-05-19 17:19:37+00:00,165.0,0.1,0.05,0.25,0.0,0.0,15.0,940,0.23780059082031246,False,REGULAR,USD,call,2025-06-06
109,JNJ250606C00170000,2025-05-14 14:52:47+00:00,170.0,0.05,0.0,0.15,0.0,0.0,160.0,285,0.2758861474609374,False,REGULAR,USD,call,2025-06-06
110,JNJ250606C00175000,2025-05-07 18:04:35+00:00,175.0,0.06,0.0,0.22,0.0,0.0,,11,0.358404853515625,False,REGULAR,USD,call,2025-06-06
111,JNJ250606P00120000,2025-05-13 18:51:07+00:00,120.0,0.1,0.0,0.1,0.0,0.0,4.0,4,0.5136767382812499,False,REGULAR,USD,put,2025-06-06
112,JNJ250606P00125000,2025-05-16 14:47:35+00:00,125.0,0.24,0.0,0.15,0.0,0.0,3.0,11,0.46680220703125,False,REGULAR,USD,put,2025-06-06
113,JNJ250606P00130000,2025-05-16 14:02:15+00:00,130.0,0.58,0.01,0.99,0.0,0.0,5.0,24,0.5888712988281251,False,REGULAR,USD,put,2025-06-06
114,JNJ250606P00135000,2025-05-19 16:52:51+00:00,135.0,0.17,0.14,0.26,-0.66999996,-79.7619,24.0,39,0.344733115234375,False,REGULAR,USD,put,2025-06-06
115,JNJ250606P00140000,2025-05-19 17:27:42+00:00,140.0,0.38,0.32,0.36,-0.110000014,-22.448982,14.0,126,0.2815013256835937,False,REGULAR,USD,put,2025-06-06
116,JNJ250606P00145000,2025-05-19 17:18:03+00:00,145.0,0.81,0.67,0.79,-0.45999998,-36.22047,128.0,157,0.24683370361328127,False,REGULAR,USD,put,2025-06-06
117,JNJ250606P00150000,2025-05-19 19:38:48+00:00,150.0,2.0,1.87,2.08,-0.96000004,-32.43243,28.0,261,0.23670196899414062,False,REGULAR,USD,put,2025-06-06
118,JNJ250606P00155000,2025-05-16 19:59:47+00:00,155.0,5.45,4.5,4.75,0.0,0.0,6.0,65,0.24573508178710937,True,REGULAR,USD,put,2025-06-06
119,JNJ250606P00160000,2025-05-13 13:34:35+00:00,160.0,10.82,8.5,9.3,0.0,0.0,2.0,5,0.3327703442382813,True,REGULAR,USD,put,2025-06-06
120,JNJ250606P00165000,2025-05-16 14:04:00+00:00,165.0,15.0,13.4,14.4,0.0,0.0,1.0,0,0.44507390869140623,True,REGULAR,USD,put,2025-06-06
121,JNJ250613C00135000,2025-05-19 13:38:38+00:00,135.0,17.14,17.3,17.95,4.24,32.868217,1.0,1,0.3327703442382813,True,REGULAR,USD,call,2025-06-13
122,JNJ250613C00140000,2025-05-14 14:25:00+00:00,140.0,8.27,12.0,13.05,0.0,0.0,,1,0.2688061401367187,True,REGULAR,USD,call,2025-06-13
123,JNJ250613C00145000,2025-05-19 13:38:38+00:00,145.0,7.53,7.2,8.35,1.8300004,32.10527,1.0,7,0.21607229248046872,True,REGULAR,USD,call,2025-06-13
124,JNJ250613C00150000,2025-05-19 19:51:04+00:00,150.0,4.1,4.0,4.2,0.43999982,12.0218525,19.0,242,0.17603363037109376,True,REGULAR,USD,call,2025-06-13
125,JNJ250613C00155000,2025-05-19 19:59:05+00:00,155.0,1.68,1.6,1.78,0.19999993,13.513508,127.0,778,0.1782308740234375,False,REGULAR,USD,call,2025-06-13
126,JNJ250613C00160000,2025-05-19 19:55:44+00:00,160.0,0.53,0.49,0.6,0.059999973,12.765951,51.0,1738,0.18116053222656248,False,REGULAR,USD,call,2025-06-13
127,JNJ250613C00165000,2025-05-19 16:44:59+00:00,165.0,0.15,0.09,0.68,-0.28,-65.11628,1.0,1628,0.2624585473632813,False,REGULAR,USD,call,2025-06-13
128,JNJ250613C00170000,2025-05-06 17:10:42+00:00,170.0,0.06,0.05,1.34,-0.17999999,-75.0,5.0,1,0.40369248657226564,False,REGULAR,USD,call,2025-06-13
129,JNJ250613P00120000,2025-05-15 19:32:17+00:00,120.0,0.2,0.1,1.4,0.0,0.0,,3,0.6352575537109376,False,REGULAR,USD,put,2025-06-13
130,JNJ250613P00130000,2025-05-19 13:30:02+00:00,130.0,0.39,0.15,0.39,0.38,3800.0037,2.0,6,0.39600213378906257,False,REGULAR,USD,put,2025-06-13
131,JNJ250613P00135000,2025-05-19 18:31:57+00:00,135.0,0.29,0.26,0.37,-0.42,-59.15493,4.0,25,0.3161689477539062,False,REGULAR,USD,put,2025-06-13
132,JNJ250613P00140000,2025-05-19 15:12:25+00:00,140.0,0.47,0.44,0.72,-0.25000003,-34.722225,2.0,264,0.2898020239257812,False,REGULAR,USD,put,2025-06-13
133,JNJ250613P00145000,2025-05-19 19:35:09+00:00,145.0,1.06,0.99,1.11,-0.37,-25.874126,9.0,122,0.23926541992187497,False,REGULAR,USD,put,2025-06-13
134,JNJ250613P00150000,2025-05-19 17:15:39+00:00,150.0,2.51,2.2,2.49,-0.54999995,-17.973856,3.0,136,0.22791299438476562,False,REGULAR,USD,put,2025-06-13
135,JNJ250613P00155000,2025-05-16 17:12:17+00:00,155.0,4.9,4.85,5.15,-1.0799999,-18.0602,2.0,31,0.23450472534179687,True,REGULAR,USD,put,2025-06-13
136,JNJ250613P00160000,2025-05-14 15:14:06+00:00,160.0,14.6,7.9,10.05,0.0,0.0,,2,0.33728690063476563,True,REGULAR,USD,put,2025-06-13
137,JNJ250613P00165000,2025-05-12 18:55:14+00:00,165.0,12.1,13.35,14.6,0.0,0.0,5.0,5,0.3940490283203125,True,REGULAR,USD,put,2025-06-13
138,JNJ250620C00075000,2024-04-16 14:40:35+00:00,75.0,70.75,77.0,82.0,0.0,0.0,,1,1.7260755883789063,True,REGULAR,USD,call,2025-06-20
139,JNJ250620C00080000,2025-03-17 16:43:02+00:00,80.0,83.8,78.3,79.7,0.0,0.0,2.0,0,2.2785687567138666,True,REGULAR,USD,call,2025-06-20
140,JNJ250620C00085000,2025-03-07 14:34:00+00:00,85.0,81.8,0.0,0.0,0.0,0.0,1.0,1,1.0000000000000003e-05,True,REGULAR,USD,call,2025-06-20
141,JNJ250620C00090000,2023-06-16 16:51:41+00:00,90.0,76.0,68.0,73.0,0.0,0.0,15.0,0,2.1215867272949214,True,REGULAR,USD,call,2025-06-20
142,JNJ250620C00095000,2025-05-01 14:49:28+00:00,95.0,60.08,57.25,58.85,0.0,0.0,1.0,11,0.9248054394531251,True,REGULAR,USD,call,2025-06-20
143,JNJ250620C00100000,2025-04-16 16:27:30+00:00,100.0,54.9,51.05,51.75,0.0,0.0,2.0,25,1.0000000000000003e-05,True,REGULAR,USD,call,2025-06-20
144,JNJ250620C00105000,2025-04-17 16:26:54+00:00,105.0,54.05,46.05,46.75,0.0,0.0,1.0,38,1.0000000000000003e-05,True,REGULAR,USD,call,2025-06-20
145,JNJ250620C00110000,2025-01-10 16:05:47+00:00,110.0,34.5,45.9,47.25,0.0,0.0,1.0,23,1.1657756555175784,True,REGULAR,USD,call,2025-06-20
146,JNJ250620C00115000,2025-04-14 14:41:09+00:00,115.0,38.53,0.0,0.0,0.0,0.0,1.0,0,1.0000000000000003e-05,True,REGULAR,USD,call,2025-06-20
147,JNJ250620C00120000,2025-05-07 16:54:45+00:00,120.0,38.0,32.35,32.9,0.0,0.0,1.0,142,0.49170430175781255,True,REGULAR,USD,call,2025-06-20
148,JNJ250620C00125000,2025-05-14 17:11:51+00:00,125.0,21.72,27.15,27.95,0.0,0.0,2.0,104,0.432622861328125,True,REGULAR,USD,call,2025-06-20
149,JNJ250620C00130000,2025-05-13 13:31:43+00:00,130.0,21.1,22.3,22.95,0.0,0.0,2.0,364,0.36304347900390627,True,REGULAR,USD,call,2025-06-20
150,JNJ250620C00135000,2025-05-16 18:55:39+00:00,135.0,16.59,17.2,18.0,0.0,0.0,1.0,1748,0.301764794921875,True,REGULAR,USD,call,2025-06-20
151,JNJ250620C00140000,2025-05-19 15:53:39+00:00,140.0,12.41,12.6,13.15,0.8199997,7.075062,2.0,446,0.24927508544921873,True,REGULAR,USD,call,2025-06-20
152,JNJ250620C00145000,2025-05-19 18:06:26+00:00,145.0,7.6,7.9,8.35,0.1500001,2.0134242,14.0,1598,0.1909260595703125,True,REGULAR,USD,call,2025-06-20
153,JNJ250620C00150000,2025-05-19 19:58:03+00:00,150.0,4.5,4.3,4.5,0.5999999,15.384613,196.0,9799,0.1733481103515625,True,REGULAR,USD,call,2025-06-20
154,JNJ250620C00155000,2025-05-19 19:58:54+00:00,155.0,1.68,1.83,1.92,0.059999943,3.7037,402.0,8943,0.16577982666015628,False,REGULAR,USD,call,2025-06-20
155,JNJ250620C00160000,2025-05-19 19:46:00+00:00,160.0,0.64,0.6,0.71,0.029999971,4.918028,572.0,14888,0.16968603759765627,False,REGULAR,USD,call,2025-06-20
156,JNJ250620C00165000,2025-05-19 19:40:16+00:00,165.0,0.22,0.2,0.23,0.010000005,4.761907,231.0,11319,0.17505707763671874,False,REGULAR,USD,call,2025-06-20
157,JNJ250620C00170000,2025-05-19 19:32:14+00:00,170.0,0.1,0.07,0.1,-0.019999996,-16.666662,45.0,7913,0.192390888671875,False,REGULAR,USD,call,2025-06-20
158,JNJ250620C00175000,2025-05-19 18:48:22+00:00,175.0,0.2,0.05,0.27,0.19,1899.999,18.0,16083,0.2795482202148437,False,REGULAR,USD,call,2025-06-20
159,JNJ250620C00180000,2025-05-19 16:49:55+00:00,180.0,0.02,0.01,0.06,-0.02,-50.0,14.0,3016,0.25391371093750004,False,REGULAR,USD,call,2025-06-20
160,JNJ250620C00185000,2025-05-19 19:26:33+00:00,185.0,0.02,0.01,0.81,-0.11,-84.61539,1.0,2301,0.46094289062500005,False,REGULAR,USD,call,2025-06-20
161,JNJ250620C00190000,2025-05-08 13:43:26+00:00,190.0,0.03,0.0,0.75,0.0,0.0,2.0,906,0.4982960327148438,False,REGULAR,USD,call,2025-06-20
162,JNJ250620C00195000,2025-05-06 14:59:00+00:00,195.0,0.25,0.0,0.67,0.0,0.0,1.0,923,0.5285691674804689,False,REGULAR,USD,call,2025-06-20
163,JNJ250620C00200000,2025-05-15 13:45:06+00:00,200.0,0.01,0.0,0.19,0.0,0.0,20.0,935,0.454107021484375,False,REGULAR,USD,call,2025-06-20
164,JNJ250620C00210000,2025-04-28 15:33:26+00:00,210.0,0.01,0.0,0.01,0.0,0.0,15.0,1486,0.367193828125,False,REGULAR,USD,call,2025-06-20
165,JNJ250620C00220000,2025-03-13 17:31:30+00:00,220.0,0.03,0.0,1.53,0.0,0.0,1.0,509,0.7370631762695312,False,REGULAR,USD,call,2025-06-20
166,JNJ250620C00230000,2025-02-21 18:53:02+00:00,230.0,0.02,0.0,1.03,0.0,0.0,18.0,218,0.7490259472656251,False,REGULAR,USD,call,2025-06-20
167,JNJ250620C00240000,2025-04-09 19:00:23+00:00,240.0,0.1,0.0,0.09,0.0,0.0,4.0,381,0.5839885351562499,False,REGULAR,USD,call,2025-06-20
168,JNJ250620P00075000,2025-05-08 15:20:39+00:00,75.0,0.01,0.0,0.29,0.0,0.0,5.0,585,1.0683640332031252,False,REGULAR,USD,put,2025-06-20
169,JNJ250620P00080000,2025-05-08 15:21:16+00:00,80.0,0.01,0.0,0.21,0.0,0.0,1.0,423,0.93945373046875,False,REGULAR,USD,put,2025-06-20
170,JNJ250620P00085000,2025-05-15 14:03:58+00:00,85.0,0.04,0.0,0.04,0.0,0.0,1.0,58,0.710940390625,False,REGULAR,USD,put,2025-06-20
171,JNJ250620P00090000,2025-05-15 15:16:00+00:00,90.0,0.04,0.0,0.05,0.0,0.0,2.0,55,0.6640658593750002,False,REGULAR,USD,put,2025-06-20
172,JNJ250620P00095000,2025-05-14 19:56:15+00:00,95.0,0.06,0.0,0.06,0.0,0.0,1.0,30,0.6093789062500001,False,REGULAR,USD,put,2025-06-20
173,JNJ250620P00100000,2025-05-13 16:42:05+00:00,100.0,0.12,0.0,0.0,0.0,0.0,4.0,1010,0.2500075,False,REGULAR,USD,put,2025-06-20
174,JNJ250620P00105000,2025-05-16 17:47:50+00:00,105.0,0.08,0.05,0.09,0.0,0.0,3.0,713,0.5429733203125001,False,REGULAR,USD,put,2025-06-20
175,JNJ250620P00110000,2025-05-16 16:26:43+00:00,110.0,0.11,0.01,0.1,0.0,0.0,3.0,319,0.50586431640625,False,REGULAR,USD,put,2025-06-20
176,JNJ250620P00115000,2025-05-19 19:35:51+00:00,115.0,0.13,0.01,0.12,-0.010000005,-7.1428604,1.0,1376,0.45703667968750006,False,REGULAR,USD,put,2025-06-20
177,JNJ250620P00120000,2025-05-19 15:24:52+00:00,120.0,0.17,0.1,0.17,-0.06999999,-29.166664,11.0,1108,0.418951123046875,False,REGULAR,USD,put,2025-06-20
178,JNJ250620P00125000,2025-05-16 16:17:38+00:00,125.0,0.25,0.16,0.35,0.0,0.0,2.0,977,0.40869731933593745,False,REGULAR,USD,put,2025-06-20
179,JNJ250620P00130000,2025-05-19 19:30:15+00:00,130.0,0.29,0.25,0.34,-0.050000012,-14.705885,46.0,2550,0.3398503515625,False,REGULAR,USD,put,2025-06-20
180,JNJ250620P00135000,2025-05-19 19:52:10+00:00,135.0,0.38,0.37,0.41,-0.09,-19.148935,91.0,3167,0.28613995117187496,False,REGULAR,USD,put,2025-06-20
181,JNJ250620P00140000,2025-05-19 19:50:00+00:00,140.0,0.63,0.6,0.69,-0.19,-23.170732,205.0,5745,0.25269302001953126,False,REGULAR,USD,put,2025-06-20
182,JNJ250620P00145000,2025-05-19 19:50:00+00:00,145.0,1.22,1.18,1.3,-0.36,-22.78481,132.0,14557,0.2260819580078125,False,REGULAR,USD,put,2025-06-20
183,JNJ250620P00150000,2025-05-19 19:53:46+00:00,150.0,2.54,2.51,2.71,-0.71000004,-21.846153,196.0,12057,0.2142412561035156,False,REGULAR,USD,put,2025-06-20
184,JNJ250620P00155000,2025-05-19 19:42:14+00:00,155.0,5.22,4.9,5.3,-1.0,-16.077171,6.0,5072,0.215828154296875,True,REGULAR,USD,put,2025-06-20
185,JNJ250620P00160000,2025-05-19 15:55:57+00:00,160.0,9.48,8.9,9.6,-0.6600008,-6.508883,6.0,4166,0.2694164855957031,True,REGULAR,USD,put,2025-06-20
186,JNJ250620P00165000,2025-05-19 14:59:09+00:00,165.0,14.25,13.4,13.9,-0.9499998,-6.249999,87.0,2556,0.29566134033203123,True,REGULAR,USD,put,2025-06-20
187,JNJ250620P00170000,2025-05-16 19:41:58+00:00,170.0,20.05,18.35,19.0,0.0,0.0,1.0,319,0.370123486328125,True,REGULAR,USD,put,2025-06-20
188,JNJ250620P00175000,2025-05-14 15:37:29+00:00,175.0,29.31,23.3,23.95,0.0,0.0,40.0,262,0.4265194067382813,True,REGULAR,USD,put,2025-06-20
189,JNJ250620P00180000,2025-05-08 16:57:19+00:00,180.0,24.55,27.85,29.55,0.0,0.0,3.0,9,0.539189178466797,True,REGULAR,USD,put,2025-06-20
190,JNJ250620P00185000,2025-05-08 16:57:19+00:00,185.0,29.55,32.45,33.95,0.0,0.0,3.0,3,0.536259520263672,True,REGULAR,USD,put,2025-06-20
191,JNJ250620P00190000,2025-02-25 15:55:03+00:00,190.0,24.8,25.85,26.7,0.0,0.0,1.0,0,1.0000000000000003e-05,True,REGULAR,USD,put,2025-06-20
192,JNJ250620P00195000,2024-11-26 20:44:58+00:00,195.0,41.37,48.65,51.15,0.0,0.0,1.0,0,1.1095015228271485,True,REGULAR,USD,put,2025-06-20
193,JNJ250620P00200000,2024-08-27 14:39:44+00:00,200.0,37.26,37.95,39.2,0.0,0.0,1.0,0,1.0000000000000003e-05,True,REGULAR,USD,put,2025-06-20
194,JNJ250620P00210000,2023-09-12 18:31:55+00:00,210.0,46.2,52.55,54.4,0.0,0.0,2.0,0,1.0000000000000003e-05,True,REGULAR,USD,put,2025-06-20
195,JNJ250620P00220000,2023-06-02 18:36:40+00:00,220.0,63.0,54.95,59.0,0.0,0.0,1.0,0,1.0000000000000003e-05,True,REGULAR,USD,put,2025-06-20
196,JNJ250620P00230000,2023-09-12 18:32:17+00:00,230.0,66.25,72.75,75.5,0.0,0.0,,0,1.0000000000000003e-05,True,REGULAR,USD,put,2025-06-20
197,JNJ250620P00240000,2023-05-25 15:35:56+00:00,240.0,85.43,72.0,77.0,0.0,0.0,2.0,0,1.0000000000000003e-05,True,REGULAR,USD,put,2025-06-20
198,JNJ250627C00140000,2025-05-15 14:24:08+00:00,140.0,9.78,11.4,14.2,0.0,0.0,,11,0.3147041186523437,True,REGULAR,USD,call,2025-06-27
199,JNJ250627C00145000,2025-05-19 16:24:47+00:00,145.0,8.27,8.3,8.75,0.67000055,8.815797,2.0,6,0.20191227783203125,True,REGULAR,USD,call,2025-06-27
200,JNJ250627C00150000,2025-05-19 17:15:43+00:00,150.0,4.65,4.55,6.0,0.5500002,13.414639,206.0,136,0.2357254162597656,True,REGULAR,USD,call,2025-06-27
201,JNJ250627C00155000,2025-05-19 19:44:02+00:00,155.0,2.25,2.05,2.35,0.29999995,15.384613,27.0,46,0.1726156958007813,False,REGULAR,USD,call,2025-06-27
202,JNJ250627C00160000,2025-05-19 19:44:01+00:00,160.0,0.85,0.74,0.99,0.13,18.055555,59.0,44,0.17432466308593753,False,REGULAR,USD,call,2025-06-27
203,JNJ250627C00165000,2025-05-15 19:27:21+00:00,165.0,0.23,0.26,0.32,0.0,0.0,,5,0.1713950048828125,False,REGULAR,USD,call,2025-06-27
204,JNJ250627P00095000,2025-05-12 17:21:19+00:00,95.0,0.05,0.0,1.31,0.0,0.0,,1,0.8642591699218749,False,REGULAR,USD,put,2025-06-27
205,JNJ250627P00125000,2025-05-13 16:54:49+00:00,125.0,0.4,0.07,1.53,0.0,0.0,,1,0.5344284838867188,False,REGULAR,USD,put,2025-06-27
206,JNJ250627P00130000,2025-05-15 15:01:09+00:00,130.0,0.51,0.23,0.44,0.0,0.0,8.0,12,0.32569033691406246,False,REGULAR,USD,put,2025-06-27
207,JNJ250627P00135000,2025-05-19 19:47:56+00:00,135.0,0.5,0.31,1.37,-0.100000024,-16.66667,3.0,11,0.36524072265625,False,REGULAR,USD,put,2025-06-27
208,JNJ250627P00140000,2025-05-16 15:30:22+00:00,140.0,0.96,0.68,0.96,-0.19,-16.52174,41.0,61,0.25440198730468755,False,REGULAR,USD,put,2025-06-27
209,JNJ250627P00145000,2025-05-19 17:22:20+00:00,145.0,1.65,1.32,1.8,-0.25,-13.157895,2.0,64,0.23780059082031246,False,REGULAR,USD,put,2025-06-27
210,JNJ250627P00150000,2025-05-19 16:27:32+00:00,150.0,3.13,2.74,3.2,-0.26999998,-7.9411755,3.0,25,0.21973436523437498,False,REGULAR,USD,put,2025-06-27
211,JNJ250627P00155000,2025-05-19 16:27:32+00:00,155.0,5.71,5.15,5.75,-0.88999987,-13.484846,2.0,21,0.2186357434082031,True,REGULAR,USD,put,2025-06-27
212,JNJ250627P00160000,2025-05-13 14:56:56+00:00,160.0,11.45,8.85,10.55,0.0,0.0,3.0,5,0.2981637567138671,True,REGULAR,USD,put,2025-06-27
213,JNJ250718C00090000,2025-02-11 19:55:16+00:00,90.0,66.03,73.1,74.1,0.0,0.0,2.0,0,1.7845469757080077,True,REGULAR,USD,call,2025-07-18
214,JNJ250718C00100000,2025-05-16 19:58:37+00:00,100.0,51.37,52.3,52.85,0.0,0.0,5.0,54,0.5644574804687501,True,REGULAR,USD,call,2025-07-18
215,JNJ250718C00110000,2025-05-02 14:27:26+00:00,110.0,45.82,41.65,42.9,0.0,0.0,1.0,2,0.4643608251953125,True,REGULAR,USD,call,2025-07-18
216,JNJ250718C00115000,2025-04-01 17:24:30+00:00,115.0,41.35,40.55,41.7,0.0,0.0,3.0,6,0.7368190380859375,True,REGULAR,USD,call,2025-07-18
217,JNJ250718C00120000,2025-05-13 19:20:12+00:00,120.0,29.5,32.3,32.95,0.0,0.0,4.0,33,0.36743796630859377,True,REGULAR,USD,call,2025-07-18
218,JNJ250718C00125000,2025-05-14 14:13:48+00:00,125.0,23.25,27.25,28.1,0.0,0.0,2.0,4,0.33667655517578127,True,REGULAR,USD,call,2025-07-18
219,JNJ250718C00130000,2025-05-15 19:18:41+00:00,130.0,19.95,22.6,23.2,0.0,0.0,1.0,20,0.2946847875976562,True,REGULAR,USD,call,2025-07-18
220,JNJ250718C00135000,2025-05-15 15:22:50+00:00,135.0,15.4,17.05,18.3,0.0,0.0,3.0,34,0.24964129272460936,True,REGULAR,USD,call,2025-07-18
221,JNJ250718C00140000,2025-05-16 18:19:16+00:00,140.0,12.65,13.15,14.1,0.0,0.0,4.0,183,0.2475661181640625,True,REGULAR,USD,call,2025-07-18
222,JNJ250718C00145000,2025-05-19 17:38:35+00:00,145.0,9.3,9.45,9.8,0.4800005,5.4421825,5.0,632,0.2171098797607422,True,REGULAR,USD,call,2025-07-18
223,JNJ250718C00150000,2025-05-19 19:54:29+00:00,150.0,6.16,6.0,7.15,0.60999966,10.990984,19.0,752,0.23798369445800777,True,REGULAR,USD,call,2025-07-18
224,JNJ250718C00155000,2025-05-19 19:54:29+00:00,155.0,3.45,3.35,3.5,0.31999993,10.2236395,96.0,2691,0.18689777954101564,False,REGULAR,USD,call,2025-07-18
225,JNJ250718C00160000,2025-05-19 19:54:10+00:00,160.0,1.71,1.63,1.81,0.13,8.227848,264.0,4355,0.18311363769531247,False,REGULAR,USD,call,2025-07-18
226,JNJ250718C00165000,2025-05-19 19:44:30+00:00,165.0,0.75,0.62,0.78,0.04000002,5.6338058,199.0,6637,0.176766044921875,False,REGULAR,USD,call,2025-07-18
227,JNJ250718C00170000,2025-05-19 19:07:47+00:00,170.0,0.31,0.31,0.34,-0.00999999,-3.1249971,19.0,8933,0.17847501220703127,False,REGULAR,USD,call,2025-07-18
228,JNJ250718C00175000,2025-05-19 19:59:17+00:00,175.0,0.09,0.1,0.42,-0.060000002,-40.0,78.0,2448,0.22412885253906245,False,REGULAR,USD,call,2025-07-18
229,JNJ250718C00180000,2025-05-19 13:30:02+00:00,180.0,0.1,0.05,0.15,0.0,0.0,23.0,2195,0.21289849609375,False,REGULAR,USD,call,2025-07-18
230,JNJ250718C00185000,2025-05-16 15:19:09+00:00,185.0,0.07,0.0,0.15,0.0,0.0,1.0,1569,0.2417068017578125,False,REGULAR,USD,call,2025-07-18
231,JNJ250718C00190000,2025-05-06 18:58:56+00:00,190.0,0.01,0.0,0.33,0.0,0.0,2.0,169,0.30713583496093744,False,REGULAR,USD,call,2025-07-18
232,JNJ250718C00195000,2025-05-19 13:30:13+00:00,195.0,0.53,0.0,0.52,0.25999996,96.29628,1.0,78,0.366217275390625,False,REGULAR,USD,call,2025-07-18
233,JNJ250718C00200000,2025-04-30 17:26:13+00:00,200.0,0.41,0.0,0.72,0.0,0.0,1.0,4,0.42236905761718746,False,REGULAR,USD,call,2025-07-18
234,JNJ250718C00210000,2025-03-10 16:44:50+00:00,210.0,0.2,0.0,1.51,0.0,0.0,25.0,28,0.5653119641113282,False,REGULAR,USD,call,2025-07-18
235,JNJ250718C00220000,2025-03-12 17:55:52+00:00,220.0,0.05,0.0,1.5,0.0,0.0,3.0,5,0.5361374511718751,False,REGULAR,USD,call,2025-07-18
236,JNJ250718P00075000,2025-05-08 15:25:14+00:00,75.0,0.03,0.01,0.04,0.0,0.0,,1,0.6367223828125,False,REGULAR,USD,put,2025-07-18
237,JNJ250718P00080000,2025-05-15 15:00:50+00:00,80.0,0.05,0.0,0.05,0.0,0.0,1.0,4,0.5820354296875,False,REGULAR,USD,put,2025-07-18
238,JNJ250718P00085000,2025-05-15 15:01:48+00:00,85.0,0.07,0.01,0.07,0.0,0.0,1.0,4,0.5585981640625001,False,REGULAR,USD,put,2025-07-18
239,JNJ250718P00090000,2025-05-14 13:30:18+00:00,90.0,0.11,0.0,0.08,0.0,0.0,2.0,6,0.507817421875,False,REGULAR,USD,put,2025-07-18
240,JNJ250718P00095000,2025-05-16 17:28:25+00:00,95.0,0.09,0.01,0.1,0.0,0.0,1.0,186,0.5136767382812499,False,REGULAR,USD,put,2025-07-18
241,JNJ250718P00100000,2025-05-16 17:46:25+00:00,100.0,0.12,0.01,0.13,0.0,0.0,1.0,15,0.481450498046875,False,REGULAR,USD,put,2025-07-18
242,JNJ250718P00105000,2025-05-19 19:42:40+00:00,105.0,0.15,0.01,0.15,-0.00999999,-6.2499943,1.0,269,0.44043528320312497,False,REGULAR,USD,put,2025-07-18
243,JNJ250718P00110000,2025-05-16 13:41:40+00:00,110.0,0.2,0.01,0.27,0.0,0.0,2.0,90,0.43115803222656257,False,REGULAR,USD,put,2025-07-18
244,JNJ250718P00115000,2025-05-13 18:30:39+00:00,115.0,0.34,0.23,0.74,0.0,0.0,7.0,433,0.46582565429687506,False,REGULAR,USD,put,2025-07-18
245,JNJ250718P00120000,2025-05-19 14:42:06+00:00,120.0,0.33,0.09,0.42,-0.19999996,-37.735844,3.0,405,0.36084623535156246,False,REGULAR,USD,put,2025-07-18
246,JNJ250718P00125000,2025-05-19 18:40:16+00:00,125.0,0.44,0.22,0.47,-0.050000012,-10.204083,4.0,314,0.31763377685546873,False,REGULAR,USD,put,2025-07-18
247,JNJ250718P00130000,2025-05-19 19:52:10+00:00,130.0,0.59,0.59,0.64,-0.16000003,-21.333336,9.0,1260,0.28711650390624993,False,REGULAR,USD,put,2025-07-18
248,JNJ250718P00135000,2025-05-19 18:40:16+00:00,135.0,0.9,0.67,1.03,-0.20000005,-18.181822,35.0,3302,0.26843993286132806,False,REGULAR,USD,put,2025-07-18
249,JNJ250718P00140000,2025-05-19 19:04:06+00:00,140.0,1.44,1.36,1.45,-0.25,-14.792899,40.0,1462,0.23780059082031246,False,REGULAR,USD,put,2025-07-18
250,JNJ250718P00145000,2025-05-19 19:31:14+00:00,145.0,2.37,2.24,2.34,-0.3800001,-13.818186,73.0,2792,0.21869677795410153,False,REGULAR,USD,put,2025-07-18
251,JNJ250718P00150000,2025-05-19 19:07:20+00:00,150.0,4.0,3.7,3.9,-0.48000002,-10.714286,125.0,3677,0.20642883422851557,False,REGULAR,USD,put,2025-07-18
252,JNJ250718P00155000,2025-05-19 19:46:55+00:00,155.0,6.15,6.0,6.3,-1.0799999,-14.937758,18.0,1202,0.19892158508300778,True,REGULAR,USD,put,2025-07-18
253,JNJ250718P00160000,2025-05-15 19:38:47+00:00,160.0,9.98,9.2,9.9,-2.2400007,-18.330612,2.0,1161,0.2108233215332031,True,REGULAR,USD,put,2025-07-18
254,JNJ250718P00165000,2025-05-16 19:58:37+00:00,165.0,15.03,13.55,14.2,0.0,0.0,5.0,876,0.2329178271484375,True,REGULAR,USD,put,2025-07-18
255,JNJ250718P00170000,2025-05-16 15:21:07+00:00,170.0,20.25,18.3,18.9,0.0,0.0,1.0,78,0.2640454455566406,True,REGULAR,USD,put,2025-07-18
256,JNJ250718P00175000,2025-05-13 13:31:34+00:00,175.0,25.0,23.3,23.9,0.0,0.0,1.0,13,0.30811238769531246,True,REGULAR,USD,put,2025-07-18
257,JNJ250718P00180000,2025-04-21 14:00:20+00:00,180.0,22.9,28.25,28.95,0.0,0.0,1.0,13,0.3529117443847656,True,REGULAR,USD,put,2025-07-18
258,JNJ250718P00185000,2025-04-08 19:44:34+00:00,185.0,37.0,30.6,32.1,0.0,0.0,1.0,4,1.0000000000000003e-05,True,REGULAR,USD,put,2025-07-18
259,JNJ250718P00195000,2025-04-25 17:38:13+00:00,195.0,42.05,43.25,44.35,0.0,0.0,4.0,4,0.4954884436035156,True,REGULAR,USD,put,2025-07-18
260,JNJ250718P00210000,2025-04-23 13:52:27+00:00,210.0,55.1,57.6,58.85,0.0,0.0,,1,0.5495650512695314,True,REGULAR,USD,put,2025-07-18
261,JNJ250718P00220000,2025-04-25 17:38:13+00:00,220.0,66.95,68.25,69.5,0.0,0.0,1.0,1,0.6093789062500001,True,REGULAR,USD,put,2025-07-18
262,JNJ250815C00085000,2025-05-16 13:48:45+00:00,85.0,65.23,67.3,67.9,0.0,0.0,1.0,1,0.5195360546875,True,REGULAR,USD,call,2025-08-15
263,JNJ250815C00090000,2025-05-16 13:48:45+00:00,90.0,60.38,62.2,62.9,0.0,0.0,1.0,1,0.57812921875,True,REGULAR,USD,call,2025-08-15
264,JNJ250815C00120000,2025-05-14 15:00:09+00:00,120.0,27.66,32.6,33.45,0.0,0.0,,2,0.35938140625,True,REGULAR,USD,call,2025-08-15
265,JNJ250815C00130000,2025-05-16 16:50:07+00:00,130.0,22.15,23.1,24.05,0.0,0.0,1.0,2,0.3057930749511719,True,REGULAR,USD,call,2025-08-15
266,JNJ250815C00135000,2025-05-15 16:33:47+00:00,135.0,16.07,18.85,19.25,0.0,0.0,,1,0.26538820556640624,True,REGULAR,USD,call,2025-08-15
267,JNJ250815C00140000,2025-05-16 19:00:07+00:00,140.0,13.9,14.45,15.15,0.0,0.0,101.0,101,0.2536085382080079,True,REGULAR,USD,call,2025-08-15
268,JNJ250815C00145000,2025-05-16 16:33:16+00:00,145.0,10.15,10.05,11.65,0.0,0.0,1.0,18,0.2507399145507812,True,REGULAR,USD,call,2025-08-15
269,JNJ250815C00150000,2025-05-19 18:52:02+00:00,150.0,7.22,7.35,7.7,0.5499997,8.2458725,21.0,87,0.2153398779296875,True,REGULAR,USD,call,2025-08-15
270,JNJ250815C00155000,2025-05-19 19:44:19+00:00,155.0,4.64,4.55,4.8,0.38999987,9.176467,90.0,400,0.19831123962402342,False,REGULAR,USD,call,2025-08-15
271,JNJ250815C00160000,2025-05-19 19:57:23+00:00,160.0,2.61,2.59,2.78,0.15999985,6.530606,233.0,494,0.18872881591796875,False,REGULAR,USD,call,2025-08-15
272,JNJ250815C00165000,2025-05-19 19:47:42+00:00,165.0,1.4,1.2,1.57,0.09000003,6.870232,689.0,197,0.18665364135742188,False,REGULAR,USD,call,2025-08-15
273,JNJ250815C00170000,2025-05-19 19:16:41+00:00,170.0,0.67,0.63,0.84,0.06999999,11.666665,15.0,118,0.1859212268066406,False,REGULAR,USD,call,2025-08-15
274,JNJ250815C00175000,2025-05-19 19:01:39+00:00,175.0,0.33,0.29,0.35,-0.01999998,-5.71428,64.0,4,0.17774259765625,False,REGULAR,USD,call,2025-08-15
275,JNJ250815P00115000,2025-05-14 19:50:14+00:00,115.0,0.57,0.01,1.2,0.0,0.0,,10,0.432622861328125,False,REGULAR,USD,put,2025-08-15
276,JNJ250815P00125000,2025-05-19 19:28:09+00:00,125.0,0.74,0.4,2.32,-0.15999997,-17.777775,4.0,7,0.40735455932617193,False,REGULAR,USD,put,2025-08-15
277,JNJ250815P00130000,2025-05-19 19:38:54+00:00,130.0,0.97,0.58,1.02,-0.110000014,-10.185186,7.0,44,0.26868407104492187,False,REGULAR,USD,put,2025-08-15
278,JNJ250815P00135000,2025-05-19 18:38:31+00:00,135.0,1.41,1.14,1.57,-0.13999999,-9.032257,21.0,476,0.25489026367187506,False,REGULAR,USD,put,2025-08-15
279,JNJ250815P00140000,2025-05-19 18:36:13+00:00,140.0,2.06,1.95,2.09,-0.19000006,-8.444447,167.0,72,0.22779092529296874,False,REGULAR,USD,put,2025-08-15
280,JNJ250815P00145000,2025-05-19 18:26:07+00:00,145.0,3.2,3.0,3.15,-0.29999995,-8.571427,18.0,361,0.21253228881835937,False,REGULAR,USD,put,2025-08-15
281,JNJ250815P00150000,2025-05-19 18:34:33+00:00,150.0,4.85,4.55,4.75,-0.5,-9.345795,180.0,137,0.19965399963378905,False,REGULAR,USD,put,2025-08-15
282,JNJ250815P00155000,2025-05-19 19:10:43+00:00,155.0,7.15,5.85,7.0,-0.63999987,-8.215659,2.0,16,0.18799640136718748,True,REGULAR,USD,put,2025-08-15
283,JNJ250815P00160000,2025-05-19 14:25:34+00:00,160.0,10.6,9.8,10.35,-2.1999998,-17.187498,86.0,123,0.1911091632080078,True,REGULAR,USD,put,2025-08-15
284,JNJ250815P00165000,2025-05-16 15:48:15+00:00,165.0,15.85,13.0,14.2,0.0,0.0,12.0,12,0.192390888671875,True,REGULAR,USD,put,2025-08-15
285,JNJ250919C00100000,2025-03-03 16:09:55+00:00,100.0,67.3,0.0,0.0,0.0,0.0,1.0,0,1.0000000000000003e-05,True,REGULAR,USD,call,2025-09-19
286,JNJ250919C00105000,2025-02-10 17:09:16+00:00,105.0,48.5,58.35,59.7,0.0,0.0,2.0,1,1.0107471337890623,True,REGULAR,USD,call,2025-09-19
287,JNJ250919C00110000,2025-02-24 14:31:55+00:00,110.0,54.03,51.55,54.2,0.0,0.0,10.0,14,0.8844616046142577,True,REGULAR,USD,call,2025-09-19
288,JNJ250919C00115000,2025-03-10 14:24:35+00:00,115.0,54.85,37.5,39.3,0.0,0.0,10.0,21,0.40955180297851557,True,REGULAR,USD,call,2025-09-19
289,JNJ250919C00120000,2025-04-09 17:07:00+00:00,120.0,31.27,34.35,35.55,0.0,0.0,2.0,16,0.4318904467773438,True,REGULAR,USD,call,2025-09-19
290,JNJ250919C00125000,2025-05-19 13:50:33+00:00,125.0,27.5,28.1,28.95,1.8500004,7.2124767,5.0,59,0.2963937548828125,True,REGULAR,USD,call,2025-09-19
291,JNJ250919C00130000,2025-05-13 15:52:18+00:00,130.0,20.46,23.75,24.3,0.0,0.0,2.0,92,0.27173579833984374,True,REGULAR,USD,call,2025-09-19
292,JNJ250919C00135000,2025-05-16 15:29:01+00:00,135.0,19.1,19.15,19.8,0.8500004,4.6575365,2.0,278,0.24896991271972657,True,REGULAR,USD,call,2025-09-19
293,JNJ250919C00140000,2025-05-19 19:06:36+00:00,140.0,15.25,15.25,15.85,0.8500004,5.9027805,2.0,663,0.24005886901855467,True,REGULAR,USD,call,2025-09-19
294,JNJ250919C00145000,2025-05-16 13:30:12+00:00,145.0,9.8,11.05,11.75,0.0,0.0,2.0,2176,0.21521780883789063,True,REGULAR,USD,call,2025-09-19
295,JNJ250919C00150000,2025-05-19 16:58:34+00:00,150.0,8.3,8.15,8.4,0.75,9.933775,5.0,2060,0.20233951965332028,True,REGULAR,USD,call,2025-09-19
296,JNJ250919C00155000,2025-05-19 19:09:36+00:00,155.0,5.4,5.45,5.65,0.25,4.8543687,18.0,3120,0.19190261230468753,False,REGULAR,USD,call,2025-09-19
297,JNJ250919C00160000,2025-05-19 19:49:43+00:00,160.0,3.5,3.4,3.55,0.26,8.024692,108.0,2594,0.18360191406249998,False,REGULAR,USD,call,2025-09-19
298,JNJ250919C00165000,2025-05-19 17:35:58+00:00,165.0,1.99,1.89,2.17,0.100000024,5.2910066,35.0,4158,0.1804891522216797,False,REGULAR,USD,call,2025-09-19
299,JNJ250919C00170000,2025-05-19 19:50:45+00:00,170.0,1.14,1.1,1.24,0.049999952,4.5871515,20.0,5294,0.17737639038085937,False,REGULAR,USD,call,2025-09-19
300,JNJ250919C00175000,2025-05-19 18:33:51+00:00,175.0,0.6,0.4,0.69,0.09000003,17.647066,5.0,5720,0.17627776855468752,False,REGULAR,USD,call,2025-09-19
301,JNJ250919C00180000,2025-05-19 19:45:49+00:00,180.0,0.31,0.27,0.38,-0.06999999,-18.421051,1.0,3898,0.176766044921875,False,REGULAR,USD,call,2025-09-19
302,JNJ250919C00185000,2025-05-14 19:44:18+00:00,185.0,0.19,0.15,0.93,0.0,0.0,1.0,983,0.243171630859375,False,REGULAR,USD,call,2025-09-19
303,JNJ250919C00190000,2025-05-15 16:28:59+00:00,190.0,0.14,0.1,0.88,0.0,0.0,2.0,1350,0.26367923828125,False,REGULAR,USD,call,2025-09-19
304,JNJ250919C00195000,2025-04-25 18:51:19+00:00,195.0,0.22,0.02,1.05,0.0,0.0,1.0,738,0.2985909985351562,False,REGULAR,USD,call,2025-09-19
305,JNJ250919C00200000,2025-05-14 16:02:42+00:00,200.0,0.1,0.05,0.11,0.0,0.0,2.0,159,0.213875048828125,False,REGULAR,USD,call,2025-09-19
306,JNJ250919C00210000,2025-02-28 16:14:18+00:00,210.0,0.18,0.02,1.25,0.0,0.0,1.0,322,0.3773255627441406,False,REGULAR,USD,call,2025-09-19
307,JNJ250919C00220000,2025-02-25 20:01:06+00:00,220.0,0.12,0.01,0.55,0.0,0.0,4.0,1,0.3530338134765625,False,REGULAR,USD,call,2025-09-19
308,JNJ250919C00230000,2025-01-31 14:30:01+00:00,230.0,0.23,0.0,0.0,0.0,0.0,1.0,1,0.12500875,False,REGULAR,USD,call,2025-09-19
309,JNJ250919C00240000,2025-05-13 13:30:11+00:00,240.0,0.03,0.0,0.68,0.0,0.0,2.0,45,0.4335994140625,False,REGULAR,USD,call,2025-09-19
310,JNJ250919P00080000,2024-11-13 18:49:01+00:00,80.0,0.18,0.0,1.42,0.0,0.0,,1,0.6457554956054687,False,REGULAR,USD,put,2025-09-19
311,JNJ250919P00090000,2025-04-01 13:44:28+00:00,90.0,0.11,0.0,0.75,0.0,0.0,,1,0.5483443603515626,False,REGULAR,USD,put,2025-09-19
312,JNJ250919P00095000,2025-05-16 13:30:06+00:00,95.0,0.3,0.11,0.75,0.0,0.0,2.0,17,0.500005,False,REGULAR,USD,put,2025-09-19
313,JNJ250919P00100000,2025-04-14 15:31:44+00:00,100.0,0.67,0.0,0.0,0.0,0.0,21.0,0,0.12500875,False,REGULAR,USD,put,2025-09-19
314,JNJ250919P00105000,2025-05-12 13:31:10+00:00,105.0,0.52,0.01,1.05,0.0,0.0,1.0,7,0.44214425048828127,False,REGULAR,USD,put,2025-09-19
315,JNJ250919P00110000,2025-05-13 15:45:17+00:00,110.0,0.49,0.35,0.85,0.0,0.0,10.0,102,0.37793590820312495,False,REGULAR,USD,put,2025-09-19
316,JNJ250919P00115000,2025-05-16 13:30:02+00:00,115.0,0.79,0.54,0.72,0.0,0.0,1.0,362,0.3232489550781249,False,REGULAR,USD,put,2025-09-19
317,JNJ250919P00120000,2025-05-14 19:49:09+00:00,120.0,0.75,0.74,0.93,-0.37,-33.035713,1.0,827,0.301764794921875,False,REGULAR,USD,put,2025-09-19
318,JNJ250919P00125000,2025-05-19 17:06:00+00:00,125.0,1.09,0.92,1.19,-0.4699999,-30.1282,1.0,1026,0.2795482202148437,False,REGULAR,USD,put,2025-09-19
319,JNJ250919P00130000,2025-05-19 16:50:12+00:00,130.0,1.51,1.21,1.68,-0.34000003,-18.37838,3.0,1350,0.26520510192871094,False,REGULAR,USD,put,2025-09-19
320,JNJ250919P00135000,2025-05-19 13:45:30+00:00,135.0,2.3,1.97,2.17,0.029999971,1.3215847,5.0,1426,0.24311059631347653,False,REGULAR,USD,put,2025-09-19
321,JNJ250919P00140000,2025-05-19 16:34:58+00:00,140.0,3.1,2.85,3.05,-0.11000013,-3.4267955,17.0,2150,0.22901161621093752,False,REGULAR,USD,put,2025-09-19
322,JNJ250919P00145000,2025-05-19 19:42:12+00:00,145.0,4.2,4.05,4.3,-0.4000001,-8.695654,32.0,3199,0.21662160339355468,False,REGULAR,USD,put,2025-09-19
323,JNJ250919P00150000,2025-05-19 19:17:15+00:00,150.0,6.1,5.8,6.0,-0.48000002,-7.2948327,38.0,4069,0.20508607421874997,False,REGULAR,USD,put,2025-09-19
324,JNJ250919P00155000,2025-05-19 14:37:19+00:00,155.0,8.55,8.1,8.35,-0.5,-5.524862,1.0,1784,0.1974567559814453,True,REGULAR,USD,put,2025-09-19
325,JNJ250919P00160000,2025-05-19 14:37:57+00:00,160.0,11.55,10.05,11.3,-0.6499996,-5.3278656,2.0,2187,0.19104812866210938,True,REGULAR,USD,put,2025-09-19
326,JNJ250919P00165000,2025-05-16 14:39:40+00:00,165.0,15.25,13.7,15.4,-0.5500002,-3.4810138,1.0,2594,0.20581848876953124,True,REGULAR,USD,put,2025-09-19
327,JNJ250919P00170000,2025-05-14 16:40:21+00:00,170.0,25.0,18.15,19.2,0.0,0.0,4.0,395,0.19751779052734375,True,REGULAR,USD,put,2025-09-19
328,JNJ250919P00175000,2025-05-05 18:55:36+00:00,175.0,20.84,23.35,24.05,0.0,0.0,1.0,49,0.22248091979980467,True,REGULAR,USD,put,2025-09-19
329,JNJ250919P00180000,2025-05-16 19:44:21+00:00,180.0,29.92,27.6,28.95,0.0,0.0,3.0,6,0.24658956542968752,True,REGULAR,USD,put,2025-09-19
330,JNJ250919P00185000,2025-03-10 14:40:31+00:00,185.0,18.55,33.6,34.65,0.0,0.0,,5,0.30847859497070307,True,REGULAR,USD,put,2025-09-19
331,JNJ250919P00190000,2025-04-03 17:33:51+00:00,190.0,30.45,34.3,35.4,0.0,0.0,,1,1.0000000000000003e-05,True,REGULAR,USD,put,2025-09-19
332,JNJ250919P00195000,2025-03-19 15:29:25+00:00,195.0,32.05,37.4,39.05,0.0,0.0,1.0,0,1.0000000000000003e-05,True,REGULAR,USD,put,2025-09-19
333,JNJ250919P00200000,2025-04-21 13:30:04+00:00,200.0,42.12,48.25,49.25,0.0,0.0,1.0,1,0.36475244628906256,True,REGULAR,USD,put,2025-09-19
334,JNJ250919P00210000,2024-11-26 20:44:59+00:00,210.0,55.94,63.7,66.15,0.0,0.0,,0,0.6517368811035158,True,REGULAR,USD,put,2025-09-19
335,JNJ251017C00125000,2025-04-01 13:44:12+00:00,125.0,34.4,31.6,32.35,0.0,0.0,,1,0.41510594665527345,True,REGULAR,USD,call,2025-10-17
336,JNJ251017C00130000,2025-05-15 14:11:49+00:00,130.0,23.95,23.95,24.7,3.0100002,14.374404,1.0,32,0.26306889282226564,True,REGULAR,USD,call,2025-10-17
337,JNJ251017C00135000,2025-05-16 15:54:07+00:00,135.0,20.0,19.65,20.4,1.1800003,6.2699275,2.0,9,0.2472609454345703,True,REGULAR,USD,call,2025-10-17
338,JNJ251017C00140000,2025-05-15 17:20:46+00:00,140.0,13.78,15.5,16.25,0.0,0.0,2.0,64,0.22943885803222658,True,REGULAR,USD,call,2025-10-17
339,JNJ251017C00145000,2025-05-15 14:30:04+00:00,145.0,10.06,12.3,13.25,0.0,0.0,7.0,24,0.23633576171874998,True,REGULAR,USD,call,2025-10-17
340,JNJ251017C00150000,2025-05-19 19:51:37+00:00,150.0,9.3,9.1,9.35,0.69000053,8.013944,13.0,338,0.20734435241699217,True,REGULAR,USD,call,2025-10-17
341,JNJ251017C00155000,2025-05-19 16:40:58+00:00,155.0,6.42,6.4,7.2,0.42000008,7.0000014,18.0,423,0.21289849609375,False,REGULAR,USD,call,2025-10-17
342,JNJ251017C00160000,2025-05-19 18:57:15+00:00,160.0,4.3,4.3,4.5,0.20000029,4.878056,15.0,833,0.19159743957519532,False,REGULAR,USD,call,2025-10-17
343,JNJ251017C00165000,2025-05-19 19:15:08+00:00,165.0,2.75,2.79,2.89,0.1400001,5.363989,41.0,443,0.18561605407714843,False,REGULAR,USD,call,2025-10-17
344,JNJ251017C00170000,2025-05-19 19:58:47+00:00,170.0,1.74,1.71,1.78,0.16999996,10.828023,103.0,615,0.18140467041015623,False,REGULAR,USD,call,2025-10-17
345,JNJ251017C00175000,2025-05-19 14:34:23+00:00,175.0,1.01,0.94,1.1,0.28999996,40.27777,11.0,763,0.18079432495117187,False,REGULAR,USD,call,2025-10-17
346,JNJ251017C00180000,2025-05-15 17:49:10+00:00,180.0,0.56,0.55,0.62,0.110000014,24.444448,11.0,463,0.17774259765625,False,REGULAR,USD,call,2025-10-17
347,JNJ251017C00185000,2025-05-13 15:42:36+00:00,185.0,0.28,0.29,0.42,0.0,0.0,10.0,150,0.18335777587890623,False,REGULAR,USD,call,2025-10-17
348,JNJ251017C00190000,2025-05-15 18:21:58+00:00,190.0,0.55,0.05,1.14,0.0,0.0,1.0,79,0.2537306072998047,False,REGULAR,USD,call,2025-10-17
349,JNJ251017C00195000,2025-05-08 17:39:24+00:00,195.0,0.2,0.06,1.41,0.0,0.0,4.0,102,0.2902903002929687,False,REGULAR,USD,call,2025-10-17
350,JNJ251017C00200000,2025-05-12 14:16:08+00:00,200.0,0.3,0.01,0.15,0.0,0.0,5.0,85,0.2016681396484375,False,REGULAR,USD,call,2025-10-17
351,JNJ251017C00210000,2025-05-14 13:30:17+00:00,210.0,0.06,0.0,0.99,0.0,0.0,46.0,55,0.32300481689453114,False,REGULAR,USD,call,2025-10-17
352,JNJ251017C00220000,2025-03-10 18:08:30+00:00,220.0,0.43,0.0,1.73,0.0,0.0,,10,0.40601179931640624,False,REGULAR,USD,call,2025-10-17
353,JNJ251017P00090000,2025-04-10 14:17:32+00:00,90.0,0.82,0.01,1.1,0.0,0.0,,6,0.5366257275390626,False,REGULAR,USD,put,2025-10-17
354,JNJ251017P00100000,2025-04-21 16:22:52+00:00,100.0,0.35,0.17,0.77,0.0,0.0,2.0,88,0.41211525390625,False,REGULAR,USD,put,2025-10-17
355,JNJ251017P00105000,2025-05-02 13:42:28+00:00,105.0,0.5,0.22,0.7,0.0,0.0,1.0,10,0.3645083081054688,False,REGULAR,USD,put,2025-10-17
356,JNJ251017P00110000,2025-05-01 19:07:04+00:00,110.0,0.77,0.34,0.8,0.0,0.0,15.0,58,0.3364324169921875,False,REGULAR,USD,put,2025-10-17
357,JNJ251017P00115000,2025-05-15 18:03:41+00:00,115.0,1.05,0.67,0.92,0.0,0.0,73.0,85,0.3089668713378906,False,REGULAR,USD,put,2025-10-17
358,JNJ251017P00120000,2025-05-19 16:37:36+00:00,120.0,1.08,0.96,1.23,-0.06999993,-6.086951,6.0,413,0.2930978894042968,False,REGULAR,USD,put,2025-10-17
359,JNJ251017P00125000,2025-05-15 17:57:48+00:00,125.0,1.91,0.98,2.25,0.0,0.0,4.0,171,0.30774618041992186,False,REGULAR,USD,put,2025-10-17
360,JNJ251017P00130000,2025-05-19 19:06:41+00:00,130.0,1.86,1.64,1.98,-0.18999994,-9.2682905,1.0,620,0.25318129638671877,False,REGULAR,USD,put,2025-10-17
361,JNJ251017P00135000,2025-05-19 18:53:44+00:00,135.0,2.58,2.27,2.58,-0.24000001,-8.510638,14.0,635,0.2352371398925781,False,REGULAR,USD,put,2025-10-17
362,JNJ251017P00140000,2025-05-19 18:15:59+00:00,140.0,3.5,3.4,3.55,-0.3499999,-9.090907,67.0,1553,0.22290816162109373,False,REGULAR,USD,put,2025-10-17
363,JNJ251017P00145000,2025-05-19 19:39:43+00:00,145.0,4.85,4.7,4.85,-0.4000001,-7.619049,67.0,1884,0.21106745971679686,False,REGULAR,USD,put,2025-10-17
364,JNJ251017P00150000,2025-05-19 14:37:25+00:00,150.0,6.85,6.4,6.65,-0.4500003,-6.1643877,2.0,546,0.2020343469238281,False,REGULAR,USD,put,2025-10-17
365,JNJ251017P00155000,2025-05-19 19:48:27+00:00,155.0,8.9,8.75,9.0,-0.95000076,-9.644677,21.0,347,0.19489330505371094,True,REGULAR,USD,put,2025-10-17
366,JNJ251017P00160000,2025-05-08 17:36:27+00:00,160.0,9.8,11.65,12.15,0.0,0.0,4.0,493,0.19556468505859376,True,REGULAR,USD,put,2025-10-17
367,JNJ251017P00165000,2025-05-12 15:18:15+00:00,165.0,13.2,15.05,16.15,0.0,0.0,2.0,280,0.20819883605957026,True,REGULAR,USD,put,2025-10-17
368,JNJ251017P00170000,2025-05-13 19:34:08+00:00,170.0,21.96,19.15,20.75,0.0,0.0,2.0,26,0.23139196350097657,True,REGULAR,USD,put,2025-10-17
369,JNJ251017P00175000,2025-05-14 13:39:34+00:00,175.0,28.2,22.65,24.55,0.0,0.0,10.0,14,0.22083298706054685,True,REGULAR,USD,put,2025-10-17
370,JNJ251017P00180000,2025-05-09 19:57:07+00:00,180.0,26.98,28.25,29.7,0.0,0.0,1.0,2,0.25440198730468755,True,REGULAR,USD,put,2025-10-17
371,JNJ251017P00185000,2025-04-07 14:13:59+00:00,185.0,34.4,30.35,32.25,0.0,0.0,1.0,2,1.0000000000000003e-05,True,REGULAR,USD,put,2025-10-17
372,JNJ251017P00190000,2025-03-04 19:41:20+00:00,190.0,24.2,0.0,0.0,0.0,0.0,,0,1.0000000000000003e-05,True,REGULAR,USD,put,2025-10-17
373,JNJ251017P00210000,2025-04-04 14:31:17+00:00,210.0,51.5,54.95,56.05,0.0,0.0,1.0,1,1.0000000000000003e-05,True,REGULAR,USD,put,2025-10-17
374,JNJ251017P00220000,2025-03-24 13:35:13+00:00,220.0,56.5,64.55,66.3,0.0,0.0,,0,1.0000000000000003e-05,True,REGULAR,USD,put,2025-10-17
375,JNJ260116C00075000,2025-03-04 14:51:20+00:00,75.0,95.5,0.0,0.0,0.0,0.0,1.0,0,1.0000000000000003e-05,True,REGULAR,USD,call,2026-01-16
376,JNJ260116C00080000,2025-05-08 15:02:26+00:00,80.0,76.38,71.7,73.85,0.0,0.0,2.0,14,0.5268602001953125,True,REGULAR,USD,call,2026-01-16
377,JNJ260116C00085000,2025-03-10 14:21:19+00:00,85.0,85.0,66.65,67.95,0.0,0.0,1.0,1,0.38892212646484375,True,REGULAR,USD,call,2026-01-16
378,JNJ260116C00090000,2025-02-12 17:09:53+00:00,90.0,65.15,73.1,74.15,0.0,0.0,2.0,12,0.8894054028320311,True,REGULAR,USD,call,2026-01-16
379,JNJ260116C00095000,2025-04-14 14:29:47+00:00,95.0,58.93,0.0,0.0,0.0,0.0,5.0,0,1.0000000000000003e-05,True,REGULAR,USD,call,2026-01-16
380,JNJ260116C00100000,2025-05-19 18:29:48+00:00,100.0,52.8,52.15,53.4,1.5599976,3.0444915,1.0,45,0.336920693359375,True,REGULAR,USD,call,2026-01-16
381,JNJ260116C00105000,2025-03-07 15:41:23+00:00,105.0,63.8,0.0,0.0,0.0,0.0,2.0,25,1.0000000000000003e-05,True,REGULAR,USD,call,2026-01-16
382,JNJ260116C00110000,2025-05-01 14:23:12+00:00,110.0,46.19,42.35,43.95,0.0,0.0,1.0,18,0.30750204223632804,True,REGULAR,USD,call,2026-01-16
383,JNJ260116C00115000,2025-05-16 13:58:04+00:00,115.0,37.0,38.4,39.35,0.0,0.0,9.0,24,0.2941965112304687,True,REGULAR,USD,call,2026-01-16
384,JNJ260116C00120000,2025-05-15 19:51:11+00:00,120.0,31.7,33.95,34.75,0.0,0.0,1.0,120,0.27735097656249996,True,REGULAR,USD,call,2026-01-16
385,JNJ260116C00125000,2025-05-14 16:15:15+00:00,125.0,25.01,29.7,30.25,0.0,0.0,2.0,108,0.2611157873535156,True,REGULAR,USD,call,2026-01-16
386,JNJ260116C00130000,2025-05-14 15:00:39+00:00,130.0,21.25,24.85,26.2,0.0,0.0,1.0,138,0.2550733673095704,True,REGULAR,USD,call,2026-01-16
387,JNJ260116C00135000,2025-05-19 15:39:11+00:00,135.0,21.3,21.35,22.65,0.4699993,2.2563577,1.0,223,0.25586681640625003,True,REGULAR,USD,call,2026-01-16
388,JNJ260116C00140000,2025-05-19 19:45:27+00:00,140.0,18.0,17.6,19.15,4.2,30.43478,20.0,262,0.25040422454833977,True,REGULAR,USD,call,2026-01-16
389,JNJ260116C00145000,2025-05-19 19:21:21+00:00,145.0,14.45,13.9,14.75,0.5799999,4.1816864,10.0,1444,0.21930712341308595,True,REGULAR,USD,call,2026-01-16
390,JNJ260116C00150000,2025-05-19 15:09:03+00:00,150.0,11.45,11.4,12.4,0.019999504,0.17497379,1.0,1191,0.22638713073730468,True,REGULAR,USD,call,2026-01-16
391,JNJ260116C00155000,2025-05-19 18:08:48+00:00,155.0,8.79,8.7,9.0,0.43999958,5.269456,16.0,983,0.20450624603271478,False,REGULAR,USD,call,2026-01-16
392,JNJ260116C00160000,2025-05-19 19:45:27+00:00,160.0,6.6,6.5,6.75,0.5,8.196721,29.0,2479,0.1984333087158203,False,REGULAR,USD,call,2026-01-16
393,JNJ260116C00165000,2025-05-19 19:14:56+00:00,165.0,4.65,4.65,4.95,0.23000002,5.2036204,20.0,2304,0.1938252005004883,False,REGULAR,USD,call,2026-01-16
394,JNJ260116C00170000,2025-05-19 19:42:41+00:00,170.0,3.4,3.25,3.5,0.26999998,8.626197,4.0,8897,0.18903398864746096,False,REGULAR,USD,call,2026-01-16
395,JNJ260116C00175000,2025-05-19 15:11:41+00:00,175.0,2.21,2.03,2.41,0.120000124,5.741633,6.0,2907,0.18512777770996092,False,REGULAR,USD,call,2026-01-16
396,JNJ260116C00180000,2025-05-19 15:57:12+00:00,180.0,1.54,1.35,1.65,0.099999905,6.9444375,61.0,2800,0.18305260314941402,False,REGULAR,USD,call,2026-01-16
397,JNJ260116C00185000,2025-05-19 16:24:17+00:00,185.0,1.04,0.85,1.08,0.0,0.0,11.0,2678,0.1801839794921875,False,REGULAR,USD,call,2026-01-16
398,JNJ260116C00190000,2025-05-19 16:54:55+00:00,190.0,0.72,0.47,0.78,0.16000003,28.571432,2.0,2465,0.18274743041992186,False,REGULAR,USD,call,2026-01-16
399,JNJ260116C00195000,2025-05-19 15:30:37+00:00,195.0,0.56,0.27,0.61,0.099999994,21.739128,2.0,1480,0.18836260864257812,False,REGULAR,USD,call,2026-01-16
400,JNJ260116C00200000,2025-05-19 19:11:07+00:00,200.0,0.32,0.3,0.55,0.049999982,18.51851,30.0,3689,0.19898261962890623,False,REGULAR,USD,call,2026-01-16
401,JNJ260116C00210000,2025-05-15 18:20:53+00:00,210.0,0.23,0.08,0.66,0.0,0.0,1.0,482,0.23438265625,False,REGULAR,USD,call,2026-01-16
402,JNJ260116C00220000,2025-05-15 13:46:51+00:00,220.0,0.15,0.01,0.3,0.0,0.0,2.0,469,0.22705851074218747,False,REGULAR,USD,call,2026-01-16
403,JNJ260116C00230000,2025-05-15 19:13:29+00:00,230.0,0.09,0.01,0.42,0.0,0.0,1.0,160,0.2629468237304688,False,REGULAR,USD,call,2026-01-16
404,JNJ260116C00240000,2025-05-16 15:06:09+00:00,240.0,0.01,0.0,0.44,0.0,0.0,2.0,554,0.2867502966308593,False,REGULAR,USD,call,2026-01-16
405,JNJ260116P00075000,2025-05-15 16:04:32+00:00,75.0,0.3,0.25,0.4,0.0,0.0,1.0,417,0.45215391601562505,False,REGULAR,USD,put,2026-01-16
406,JNJ260116P00080000,2025-05-13 16:34:58+00:00,80.0,0.37,0.15,1.31,0.0,0.0,40.0,1862,0.5229539892578124,False,REGULAR,USD,put,2026-01-16
407,JNJ260116P00085000,2025-05-16 19:32:28+00:00,85.0,0.6,0.03,0.95,0.0,0.0,50.0,894,0.44824770507812495,False,REGULAR,USD,put,2026-01-16
408,JNJ260116P00090000,2025-05-15 18:44:44+00:00,90.0,0.5,0.05,0.71,0.0,0.0,3.0,703,0.38672488281249995,False,REGULAR,USD,put,2026-01-16
409,JNJ260116P00095000,2025-05-19 16:59:37+00:00,95.0,0.59,0.11,1.6,-0.01000005,-1.666675,1.0,0,0.42358974853515624,False,REGULAR,USD,put,2026-01-16
410,JNJ260116P00100000,2025-05-19 16:59:37+00:00,100.0,0.73,0.48,1.01,-0.16999996,-18.888885,1.0,332,0.3454655297851562,False,REGULAR,USD,put,2026-01-16
411,JNJ260116P00105000,2025-05-13 16:23:31+00:00,105.0,0.98,0.68,1.35,0.0,0.0,2.0,149,0.3350896569824219,False,REGULAR,USD,put,2026-01-16
412,JNJ260116P00110000,2025-05-19 16:59:37+00:00,110.0,1.16,0.88,1.51,-0.16000009,-12.121218,1.0,751,0.3106758386230468,False,REGULAR,USD,put,2026-01-16
413,JNJ260116P00115000,2025-05-19 16:59:37+00:00,115.0,1.5,1.29,1.8,-0.09000003,-5.6603794,3.0,838,0.29175512939453113,False,REGULAR,USD,put,2026-01-16
414,JNJ260116P00120000,2025-05-16 16:08:59+00:00,120.0,1.9,1.65,1.89,-0.08000004,-4.0404058,1.0,1754,0.26233647827148443,False,REGULAR,USD,put,2026-01-16
415,JNJ260116P00125000,2025-05-19 14:47:01+00:00,125.0,2.41,2.23,2.55,-0.14999986,-5.8593698,1.0,1909,0.2539747454833985,False,REGULAR,USD,put,2026-01-16
416,JNJ260116P00130000,2025-05-19 18:20:54+00:00,130.0,3.15,2.74,3.1,-0.099999905,-3.07692,11.0,4152,0.23688507263183595,False,REGULAR,USD,put,2026-01-16
417,JNJ260116P00135000,2025-05-19 18:05:14+00:00,135.0,3.95,3.85,4.0,-0.31000018,-7.2769995,21.0,2478,0.2257767852783203,False,REGULAR,USD,put,2026-01-16
418,JNJ260116P00140000,2025-05-19 17:57:53+00:00,140.0,5.3,5.0,5.2,-0.19999981,-3.6363602,8.0,3082,0.21643849975585935,False,REGULAR,USD,put,2026-01-16
419,JNJ260116P00145000,2025-05-19 14:41:27+00:00,145.0,6.85,6.45,6.7,-0.21000004,-2.9745047,3.0,4799,0.2073748696899414,False,REGULAR,USD,put,2026-01-16
420,JNJ260116P00150000,2025-05-19 19:06:49+00:00,150.0,8.63,8.35,8.6,-0.46000004,-5.0605063,2.0,3562,0.19968451690673827,False,REGULAR,USD,put,2026-01-16
421,JNJ260116P00155000,2025-05-19 16:12:15+00:00,155.0,11.1,10.65,11.25,-0.23999977,-2.1164,38.0,1960,0.19947089599609374,True,REGULAR,USD,put,2026-01-16
422,JNJ260116P00160000,2025-05-14 15:49:41+00:00,160.0,17.35,13.35,13.85,0.0,0.0,3.0,1158,0.19016312774658206,True,REGULAR,USD,put,2026-01-16
423,JNJ260116P00165000,2025-05-16 18:21:03+00:00,165.0,17.67,16.5,17.3,0.0,0.0,14.0,1422,0.19052933502197267,True,REGULAR,USD,put,2026-01-16
424,JNJ260116P00170000,2025-05-16 19:25:03+00:00,170.0,21.4,20.0,20.95,0.0,0.0,1.0,991,0.18781329772949218,True,REGULAR,USD,put,2026-01-16
425,JNJ260116P00175000,2025-04-22 16:25:42+00:00,175.0,24.85,24.1,24.6,3.8500004,18.333334,2.0,50,0.17609466491699222,True,REGULAR,USD,put,2026-01-16
426,JNJ260116P00180000,2025-05-16 19:44:21+00:00,180.0,30.16,28.5,29.85,0.0,0.0,6.0,6,0.20569641967773436,True,REGULAR,USD,put,2026-01-16
427,JNJ260116P00185000,2025-05-16 19:41:01+00:00,185.0,35.23,33.3,34.0,0.0,0.0,2.0,2,0.19727365234375,True,REGULAR,USD,put,2026-01-16
428,JNJ260116P00190000,2025-05-16 14:18:30+00:00,190.0,40.39,38.25,39.95,0.0,0.0,5.0,15,0.24964129272460936,True,REGULAR,USD,put,2026-01-16
429,JNJ260116P00195000,2025-03-03 15:07:11+00:00,195.0,28.7,0.0,0.0,0.0,0.0,,0,1.0000000000000003e-05,True,REGULAR,USD,put,2026-01-16
430,JNJ260116P00200000,2025-01-23 14:36:09+00:00,200.0,55.0,35.0,39.95,0.0,0.0,1.0,0,1.0000000000000003e-05,True,REGULAR,USD,put,2026-01-16
431,JNJ260116P00220000,2025-04-11 14:52:03+00:00,220.0,70.9,71.3,71.85,0.0,0.0,,1,0.41547215393066406,True,REGULAR,USD,put,2026-01-16
432,JNJ260116P00230000,2024-12-16 14:32:53+00:00,230.0,83.5,81.5,83.05,0.0,0.0,1.0,0,0.4828542926025391,True,REGULAR,USD,put,2026-01-16
433,JNJ260116P00240000,2024-01-23 16:14:43+00:00,240.0,80.5,77.5,82.5,0.0,0.0,2.0,0,1.0000000000000003e-05,True,REGULAR,USD,put,2026-01-16
434,JNJ260320C00080000,2025-05-13 19:35:22+00:00,80.0,69.42,72.15,73.0,0.0,0.0,3.0,3,0.38477177734374995,True,REGULAR,USD,call,2026-03-20
435,JNJ260320C00100000,2025-05-15 16:59:50+00:00,100.0,49.6,52.5,53.6,0.0,0.0,1.0,3,0.3139717041015625,True,REGULAR,USD,call,2026-03-20
436,JNJ260320C00105000,2025-02-11 17:46:50+00:00,105.0,51.65,57.95,59.95,0.0,0.0,,1,0.6397130755615235,True,REGULAR,USD,call,2026-03-20
437,JNJ260320C00110000,2025-05-19 16:35:34+00:00,110.0,43.4,43.1,44.3,-7.6499977,-14.985304,2.0,1,0.29041236938476556,True,REGULAR,USD,call,2026-03-20
438,JNJ260320C00115000,2025-04-02 14:09:05+00:00,115.0,42.1,41.65,42.8,0.0,0.0,,1,0.3782410809326171,True,REGULAR,USD,call,2026-03-20
439,JNJ260320C00120000,2025-05-15 15:22:02+00:00,120.0,32.1,33.7,35.4,0.0,0.0,1.0,26,0.26923338195800783,True,REGULAR,USD,call,2026-03-20
440,JNJ260320C00125000,2025-04-22 17:26:05+00:00,125.0,35.7,30.55,31.05,0.0,0.0,1.0,31,0.25629405822753903,True,REGULAR,USD,call,2026-03-20
441,JNJ260320C00130000,2025-05-16 14:52:30+00:00,130.0,25.35,26.45,26.95,0.0,0.0,1.0,53,0.24643697906494144,True,REGULAR,USD,call,2026-03-20
442,JNJ260320C00135000,2025-04-17 18:06:11+00:00,135.0,29.55,21.7,23.25,0.0,0.0,11.0,29,0.24146266357421875,True,REGULAR,USD,call,2026-03-20
443,JNJ260320C00140000,2025-04-29 19:47:40+00:00,140.0,22.3,18.9,19.5,0.0,0.0,1.0,50,0.23023230712890624,True,REGULAR,USD,call,2026-03-20
444,JNJ260320C00145000,2025-05-19 17:55:27+00:00,145.0,15.5,15.75,16.5,0.6000004,4.0268483,3.0,84,0.22885902984619144,True,REGULAR,USD,call,2026-03-20
445,JNJ260320C00150000,2025-05-19 17:31:34+00:00,150.0,12.7,11.9,13.15,1.8999996,17.59259,32.0,143,0.2153398779296875,True,REGULAR,USD,call,2026-03-20
446,JNJ260320C00155000,2025-05-19 16:16:05+00:00,155.0,10.3,10.05,10.55,0.6999998,7.2916646,1.0,429,0.21002987243652343,False,REGULAR,USD,call,2026-03-20
447,JNJ260320C00160000,2025-05-19 18:56:59+00:00,160.0,7.85,6.85,8.7,0.4499998,6.0810785,13.0,245,0.21237970245361326,False,REGULAR,USD,call,2026-03-20
448,JNJ260320C00165000,2025-05-16 19:07:21+00:00,165.0,5.7,5.8,6.2,0.0,0.0,75.0,302,0.1968158932495117,False,REGULAR,USD,call,2026-03-20
449,JNJ260320C00170000,2025-05-19 17:24:24+00:00,170.0,4.25,4.25,4.6,0.1500001,3.658539,1.0,207,0.19175002593994145,False,REGULAR,USD,call,2026-03-20
450,JNJ260320C00175000,2025-05-19 19:17:04+00:00,175.0,3.2,2.66,3.5,0.1500001,4.918036,20.0,403,0.19117019775390626,False,REGULAR,USD,call,2026-03-20
451,JNJ260320C00180000,2025-05-16 18:09:48+00:00,180.0,2.16,1.98,2.84,0.0,0.0,16.0,87,0.19605296142578127,False,REGULAR,USD,call,2026-03-20
452,JNJ260320C00185000,2025-05-16 18:27:30+00:00,185.0,1.5,1.31,1.93,0.0,0.0,1.0,181,0.18940019592285157,False,REGULAR,USD,call,2026-03-20
453,JNJ260320C00190000,2025-05-14 19:51:53+00:00,190.0,0.86,0.6,1.99,0.0,0.0,2.0,983,0.20838193969726557,False,REGULAR,USD,call,2026-03-20
454,JNJ260320C00195000,2025-05-16 14:31:53+00:00,195.0,0.84,0.7,1.0,0.0,0.0,8.0,782,0.18738605590820312,False,REGULAR,USD,call,2026-03-20
455,JNJ260320C00200000,2025-05-16 18:56:04+00:00,200.0,0.63,0.5,1.35,0.0,0.0,12.0,90,0.21656056884765623,False,REGULAR,USD,call,2026-03-20
456,JNJ260320C00210000,2025-04-17 13:31:35+00:00,210.0,0.65,0.17,1.56,0.0,0.0,5.0,31,0.25269302001953126,False,REGULAR,USD,call,2026-03-20
457,JNJ260320C00220000,2025-03-28 14:30:01+00:00,220.0,0.61,0.0,0.0,0.0,0.0,1.0,0,0.062509375,False,REGULAR,USD,call,2026-03-20
458,JNJ260320C00230000,2025-03-19 18:05:47+00:00,230.0,0.38,0.11,0.76,0.0,0.0,16.0,424,0.2603833728027344,False,REGULAR,USD,call,2026-03-20
459,JNJ260320P00075000,2025-04-17 19:07:04+00:00,75.0,0.38,0.17,0.55,0.0,0.0,2.0,128,0.4255428540039063,False,REGULAR,USD,put,2026-03-20
460,JNJ260320P00080000,2025-05-13 16:34:58+00:00,80.0,0.48,0.22,1.43,0.0,0.0,40.0,1426,0.47522497436523436,False,REGULAR,USD,put,2026-03-20
461,JNJ260320P00085000,2025-05-16 19:32:28+00:00,85.0,0.75,0.08,1.76,0.0,0.0,90.0,550,0.4596001306152344,False,REGULAR,USD,put,2026-03-20
462,JNJ260320P00090000,2025-05-14 19:08:47+00:00,90.0,0.6,0.19,0.9,0.0,0.0,2.0,621,0.36157864990234373,False,REGULAR,USD,put,2026-03-20
463,JNJ260320P00100000,2025-05-16 18:51:06+00:00,100.0,0.99,0.71,1.34,0.0,0.0,8.0,4,0.3288641333007812,False,REGULAR,USD,put,2026-03-20
464,JNJ260320P00105000,2025-05-19 19:39:48+00:00,105.0,1.19,0.77,1.51,-0.049999952,-4.032254,7.0,70,0.3071968695068359,False,REGULAR,USD,put,2026-03-20
465,JNJ260320P00110000,2025-05-16 19:37:48+00:00,110.0,1.62,1.33,1.82,0.0,0.0,10.0,61,0.29132788757324213,False,REGULAR,USD,put,2026-03-20
466,JNJ260320P00115000,2025-05-13 19:53:12+00:00,115.0,2.05,1.12,2.6,0.0,0.0,5.0,49,0.2912058184814452,False,REGULAR,USD,put,2026-03-20
467,JNJ260320P00120000,2025-05-19 18:38:29+00:00,120.0,2.44,1.47,2.57,-0.109999895,-4.3137217,17.0,99,0.25818612915039063,False,REGULAR,USD,put,2026-03-20
468,JNJ260320P00125000,2025-05-16 17:44:47+00:00,125.0,3.2,2.69,3.2,0.0,0.0,16.0,110,0.2461012890625,False,REGULAR,USD,put,2026-03-20
469,JNJ260320P00130000,2025-05-16 17:39:34+00:00,130.0,4.0,2.84,4.05,-0.099999905,-2.439022,2.0,771,0.23627472717285153,False,REGULAR,USD,put,2026-03-20
470,JNJ260320P00135000,2025-05-19 15:55:17+00:00,135.0,5.0,4.8,5.0,-0.25,-4.7619047,13.0,229,0.22449505981445309,False,REGULAR,USD,put,2026-03-20
471,JNJ260320P00140000,2025-05-19 17:33:39+00:00,140.0,6.3,5.35,6.4,-0.3499999,-5.263157,16.0,326,0.21790332885742186,False,REGULAR,USD,put,2026-03-20
472,JNJ260320P00145000,2025-05-19 19:07:05+00:00,145.0,7.95,7.65,7.9,-0.40000057,-4.790426,16.0,434,0.20786314605712886,False,REGULAR,USD,put,2026-03-20
473,JNJ260320P00150000,2025-05-19 17:56:57+00:00,150.0,9.75,9.5,9.9,-0.6000004,-5.797105,19.0,701,0.2016681396484375,False,REGULAR,USD,put,2026-03-20
474,JNJ260320P00155000,2025-05-19 19:07:05+00:00,155.0,12.13,11.7,12.15,-1.8999996,-13.542407,3.0,268,0.19388623504638675,True,REGULAR,USD,put,2026-03-20
475,JNJ260320P00160000,2025-05-16 18:09:48+00:00,160.0,15.5,13.95,14.9,0.0,0.0,9.0,190,0.18872881591796875,True,REGULAR,USD,put,2026-03-20
476,JNJ260320P00165000,2025-04-04 18:21:46+00:00,165.0,17.69,15.85,16.8,0.0,0.0,1.0,175,0.15979844116210937,True,REGULAR,USD,put,2026-03-20
477,JNJ260320P00170000,2025-05-06 19:40:53+00:00,170.0,20.16,20.75,21.4,0.0,0.0,7.0,144,0.1771017349243164,True,REGULAR,USD,put,2026-03-20
478,JNJ260320P00175000,2025-03-14 15:57:04+00:00,175.0,17.65,23.35,25.2,0.0,0.0,2.0,18,0.17224948852539065,True,REGULAR,USD,put,2026-03-20
479,JNJ260320P00180000,2025-04-10 17:34:49+00:00,180.0,33.65,27.15,28.25,0.0,0.0,1.0,2,0.13111220458984374,True,REGULAR,USD,put,2026-03-20
480,JNJ260320P00185000,2025-04-09 18:35:42+00:00,185.0,36.81,32.0,33.0,0.0,0.0,1.0,69,0.13404186279296876,True,REGULAR,USD,put,2026-03-20
481,JNJ260618C00075000,2025-05-14 13:30:14+00:00,75.0,73.65,76.95,78.0,0.0,0.0,22.0,64,0.3679262426757813,True,REGULAR,USD,call,2026-06-18
482,JNJ260618C00080000,2025-02-13 18:50:41+00:00,80.0,77.0,82.1,85.3,0.0,0.0,5.0,0,0.8073139385986328,True,REGULAR,USD,call,2026-06-18
483,JNJ260618C00100000,2025-05-14 19:04:45+00:00,100.0,47.41,52.65,53.9,0.0,0.0,1.0,4,0.2921213366699218,True,REGULAR,USD,call,2026-06-18
484,JNJ260618C00105000,2025-02-10 16:41:16+00:00,105.0,49.5,58.65,60.95,0.0,0.0,10.0,6,0.5826762924194336,True,REGULAR,USD,call,2026-06-18
485,JNJ260618C00110000,2025-02-13 15:58:13+00:00,110.0,47.6,54.15,55.85,0.0,0.0,,0,0.5427291821289064,True,REGULAR,USD,call,2026-06-18
486,JNJ260618C00115000,2025-05-09 19:22:40+00:00,115.0,42.21,39.55,41.1,0.0,0.0,1.0,3,0.2862009857177734,True,REGULAR,USD,call,2026-06-18
487,JNJ260618C00120000,2025-04-11 17:43:55+00:00,120.0,37.1,32.25,33.5,0.0,0.0,2.0,9,0.17145603942871096,True,REGULAR,USD,call,2026-06-18
488,JNJ260618C00125000,2025-04-14 14:39:58+00:00,125.0,33.35,0.0,0.0,0.0,0.0,1.0,0,1.0000000000000003e-05,True,REGULAR,USD,call,2026-06-18
489,JNJ260618C00130000,2025-04-21 15:13:32+00:00,130.0,32.6,27.6,28.35,0.0,0.0,2.0,9,0.24658956542968752,True,REGULAR,USD,call,2026-06-18
490,JNJ260618C00135000,2025-05-15 18:44:11+00:00,135.0,23.26,23.95,25.3,1.5599995,7.188937,1.0,60,0.25156388092041015,True,REGULAR,USD,call,2026-06-18
491,JNJ260618C00140000,2025-05-16 13:52:36+00:00,140.0,19.12,20.15,21.25,0.0,0.0,4.0,70,0.23346713806152342,True,REGULAR,USD,call,2026-06-18
492,JNJ260618C00145000,2025-05-14 15:19:03+00:00,145.0,13.9,17.1,18.15,0.0,0.0,1.0,27,0.22867592620849608,True,REGULAR,USD,call,2026-06-18
493,JNJ260618C00150000,2025-05-19 15:10:24+00:00,150.0,14.58,14.4,15.9,0.72999954,5.270755,3.0,106,0.233406103515625,True,REGULAR,USD,call,2026-06-18
494,JNJ260618C00155000,2025-05-19 15:10:24+00:00,155.0,11.97,11.8,13.35,0.72000027,6.4000025,3.0,200,0.228797995300293,False,REGULAR,USD,call,2026-06-18
495,JNJ260618C00160000,2025-05-13 16:23:38+00:00,160.0,7.88,8.9,10.75,0.0,0.0,1.0,376,0.2192460888671875,False,REGULAR,USD,call,2026-06-18
496,JNJ260618C00165000,2025-05-19 19:14:12+00:00,165.0,7.63,7.3,8.05,1.44,23.263329,5.0,371,0.20356021057128904,False,REGULAR,USD,call,2026-06-18
497,JNJ260618C00170000,2025-05-19 17:22:52+00:00,170.0,6.0,5.9,6.25,0.88999987,17.416826,48.0,271,0.19770089416503905,False,REGULAR,USD,call,2026-06-18
498,JNJ260618C00175000,2025-05-16 18:50:07+00:00,175.0,4.4,3.75,5.0,0.0,0.0,2.0,203,0.19690744506835936,False,REGULAR,USD,call,2026-06-18
499,JNJ260618C00180000,2025-05-16 19:05:22+00:00,180.0,3.4,2.93,3.9,0.0,0.0,1.0,350,0.1948322705078125,False,REGULAR,USD,call,2026-06-18
500,JNJ260618C00185000,2025-05-15 13:30:28+00:00,185.0,2.11,1.69,3.25,0.0,0.0,1.0,232,0.1984333087158203,False,REGULAR,USD,call,2026-06-18
501,JNJ260618C00190000,2025-05-14 19:48:15+00:00,190.0,1.43,1.31,2.62,0.0,0.0,1.0,287,0.19959296508789062,False,REGULAR,USD,call,2026-06-18
502,JNJ260618C00195000,2025-05-07 15:28:34+00:00,195.0,2.45,0.65,2.08,0.0,0.0,4.0,463,0.1998981378173828,False,REGULAR,USD,call,2026-06-18
503,JNJ260618C00200000,2025-05-14 19:51:38+00:00,200.0,1.3,0.9,1.53,0.0,0.0,3.0,223,0.1964802032470703,False,REGULAR,USD,call,2026-06-18
504,JNJ260618C00210000,2025-05-13 14:38:21+00:00,210.0,0.7,0.55,1.22,0.0,0.0,2.0,277,0.2093584924316406,False,REGULAR,USD,call,2026-06-18
505,JNJ260618C00220000,2025-05-13 19:58:51+00:00,220.0,0.86,0.25,1.68,0.0,0.0,125.0,758,0.2492140509033203,False,REGULAR,USD,call,2026-06-18
506,JNJ260618C00230000,2025-05-07 15:31:45+00:00,230.0,0.5,0.14,1.12,0.0,0.0,710.0,1183,0.2472609454345703,False,REGULAR,USD,call,2026-06-18
507,JNJ260618C00240000,2025-04-04 19:52:43+00:00,240.0,0.79,0.1,1.37,0.0,0.0,200.0,404,0.27771718383789057,False,REGULAR,USD,call,2026-06-18
508,JNJ260618C00250000,2025-03-27 14:32:05+00:00,250.0,0.23,0.03,1.18,0.0,0.0,2.0,447,0.28711650390624993,False,REGULAR,USD,call,2026-06-18
509,JNJ260618P00075000,2025-05-19 13:30:03+00:00,75.0,0.89,0.18,0.73,0.44,97.77778,20.0,297,0.3940490283203125,False,REGULAR,USD,put,2026-06-18
510,JNJ260618P00080000,2025-05-01 14:28:05+00:00,80.0,0.69,0.32,1.76,0.0,0.0,207.0,719,0.4387263159179688,False,REGULAR,USD,put,2026-06-18
511,JNJ260618P00085000,2025-05-16 15:12:35+00:00,85.0,0.86,0.2,1.94,0.0,0.0,40.0,379,0.41394629028320307,False,REGULAR,USD,put,2026-06-18
512,JNJ260618P00090000,2025-05-13 19:39:39+00:00,90.0,0.85,0.33,1.61,0.0,0.0,10.0,315,0.3627993408203125,False,REGULAR,USD,put,2026-06-18
513,JNJ260618P00095000,2025-04-15 19:05:32+00:00,95.0,1.3,0.0,0.0,0.0,0.0,8.0,0,0.12500875,False,REGULAR,USD,put,2026-06-18
514,JNJ260618P00100000,2025-05-16 19:02:39+00:00,100.0,1.37,0.92,1.54,0.0,0.0,4.0,924,0.299262378540039,False,REGULAR,USD,put,2026-06-18
515,JNJ260618P00105000,2025-04-30 19:13:47+00:00,105.0,1.69,1.01,2.76,0.0,0.0,35.0,61,0.3205024005126953,False,REGULAR,USD,put,2026-06-18
516,JNJ260618P00110000,2025-05-14 19:49:03+00:00,110.0,2.61,0.94,2.97,0.0,0.0,3.0,324,0.29724823852539056,False,REGULAR,USD,put,2026-06-18
517,JNJ260618P00115000,2025-05-13 19:31:29+00:00,115.0,2.61,1.82,2.96,-0.10000014,-3.690042,2.0,135,0.2672192419433594,False,REGULAR,USD,put,2026-06-18
518,JNJ260618P00120000,2025-05-07 14:47:35+00:00,120.0,3.0,2.9,3.35,0.0,0.0,2.0,38,0.24927508544921873,False,REGULAR,USD,put,2026-06-18
519,JNJ260618P00125000,2025-05-15 19:57:47+00:00,125.0,4.5,3.6,4.2,0.0,0.0,1.0,525,0.241218525390625,False,REGULAR,USD,put,2026-06-18
520,JNJ260618P00130000,2025-05-16 17:16:20+00:00,130.0,5.2,4.6,5.65,0.0,0.0,5.0,375,0.24246973358154295,False,REGULAR,USD,put,2026-06-18
521,JNJ260618P00135000,2025-05-19 17:36:30+00:00,135.0,6.3,4.3,7.2,-0.25,-3.8167937,24.0,321,0.2402724899291992,False,REGULAR,USD,put,2026-06-18
522,JNJ260618P00140000,2025-05-16 18:34:59+00:00,140.0,8.05,6.75,8.25,0.0,0.0,5.0,1050,0.22467816345214842,False,REGULAR,USD,put,2026-06-18
523,JNJ260618P00145000,2025-05-19 14:33:36+00:00,145.0,9.5,8.85,9.5,-1.8000002,-15.929205,1.0,891,0.20954159606933592,False,REGULAR,USD,put,2026-06-18
524,JNJ260618P00150000,2025-05-12 15:28:51+00:00,150.0,10.3,10.8,12.15,0.0,0.0,53.0,550,0.2133867724609375,False,REGULAR,USD,put,2026-06-18
525,JNJ260618P00155000,2025-05-12 16:07:41+00:00,155.0,12.59,13.05,14.3,0.0,0.0,1.0,283,0.20438417694091793,True,REGULAR,USD,put,2026-06-18
526,JNJ260618P00160000,2025-05-07 19:33:50+00:00,160.0,14.16,14.85,16.65,0.0,0.0,2.0,356,0.19391675231933597,True,REGULAR,USD,put,2026-06-18
527,JNJ260618P00165000,2025-04-29 14:37:32+00:00,165.0,17.77,18.6,19.65,0.0,0.0,2.0,27,0.18888140228271483,True,REGULAR,USD,put,2026-06-18
528,JNJ260618P00170000,2025-05-14 15:51:42+00:00,170.0,26.43,21.9,22.65,0.0,0.0,2.0,121,0.1785360467529297,True,REGULAR,USD,put,2026-06-18
529,JNJ260618P00180000,2025-05-14 17:48:01+00:00,180.0,35.0,29.3,31.3,0.0,0.0,,2,0.19300123413085937,True,REGULAR,USD,put,2026-06-18
530,JNJ260618P00185000,2025-02-19 15:46:50+00:00,185.0,28.4,24.2,25.45,0.0,0.0,1.0,1,1.0000000000000003e-05,True,REGULAR,USD,put,2026-06-18
531,JNJ260618P00190000,2025-02-19 15:46:50+00:00,190.0,33.04,26.05,30.5,0.0,0.0,,0,1.0000000000000003e-05,True,REGULAR,USD,put,2026-06-18
532,JNJ260618P00195000,2024-09-13 16:27:12+00:00,195.0,31.8,34.35,35.5,0.0,0.0,1.0,4,1.0000000000000003e-05,True,REGULAR,USD,put,2026-06-18
533,JNJ260717C00090000,2025-03-06 20:11:49+00:00,90.0,76.25,61.5,66.5,0.0,0.0,1.0,0,0.45288633056640626,True,REGULAR,USD,call,2026-07-17
534,JNJ260717C00105000,2025-03-20 13:30:14+00:00,105.0,59.13,53.35,54.95,0.0,0.0,1.0,0,0.4448908050537109,True,REGULAR,USD,call,2026-07-17
535,JNJ260717C00110000,2025-05-13 16:42:28+00:00,110.0,40.72,43.75,44.9,0.0,0.0,2.0,2,0.268012691040039,True,REGULAR,USD,call,2026-07-17
536,JNJ260717C00115000,2025-04-23 19:43:29+00:00,115.0,43.05,38.95,40.8,0.0,0.0,,1,0.2677685528564453,True,REGULAR,USD,call,2026-07-17
537,JNJ260717C00120000,2025-05-09 19:38:20+00:00,120.0,37.75,35.25,36.65,0.0,0.0,18.0,18,0.26105475280761714,True,REGULAR,USD,call,2026-07-17
538,JNJ260717C00125000,2025-03-28 15:05:35+00:00,125.0,42.74,0.0,0.0,0.0,0.0,1.0,0,1.0000000000000003e-05,True,REGULAR,USD,call,2026-07-17
539,JNJ260717C00130000,2025-05-09 19:38:23+00:00,130.0,30.0,27.35,28.75,0.0,0.0,17.0,16,0.24604025451660155,True,REGULAR,USD,call,2026-07-17
540,JNJ260717C00135000,2025-03-12 18:31:53+00:00,135.0,34.25,24.55,26.75,0.0,0.0,1.0,22,0.2689587265014648,True,REGULAR,USD,call,2026-07-17
541,JNJ260717C00140000,2025-05-14 17:46:00+00:00,140.0,17.2,20.4,21.65,0.0,0.0,3.0,23,0.23212437805175778,True,REGULAR,USD,call,2026-07-17
542,JNJ260717C00145000,2025-05-19 14:23:41+00:00,145.0,17.7,17.35,18.6,2.750001,18.394655,1.0,4,0.22797402893066404,True,REGULAR,USD,call,2026-07-17
543,JNJ260717C00150000,2025-04-24 17:23:34+00:00,150.0,16.75,14.15,15.85,0.0,0.0,10.0,40,0.22449505981445309,True,REGULAR,USD,call,2026-07-17
544,JNJ260717C00155000,2025-05-19 13:59:39+00:00,155.0,12.26,11.85,13.15,1.5900002,14.901594,1.0,64,0.2177507424926758,False,REGULAR,USD,call,2026-07-17
545,JNJ260717C00160000,2025-05-16 16:37:02+00:00,160.0,9.96,9.55,11.1,0.0,0.0,2.0,20,0.21695729339599606,False,REGULAR,USD,call,2026-07-17
546,JNJ260717C00165000,2025-05-16 14:25:35+00:00,165.0,7.75,7.5,9.3,0.0,0.0,3.0,40,0.21610280975341795,False,REGULAR,USD,call,2026-07-17
547,JNJ260717C00170000,2025-05-12 13:50:46+00:00,170.0,6.96,6.1,7.2,0.0,0.0,248.0,121,0.206489868774414,False,REGULAR,USD,call,2026-07-17
548,JNJ260717C00175000,2025-05-15 17:19:58+00:00,175.0,4.4,4.7,5.85,0.0,0.0,8.0,38,0.20505555694580074,False,REGULAR,USD,call,2026-07-17
549,JNJ260717C00180000,2025-04-01 14:55:18+00:00,180.0,5.64,4.9,5.65,0.0,0.0,10.0,471,0.22089402160644528,False,REGULAR,USD,call,2026-07-17
550,JNJ260717C00185000,2025-05-14 19:09:24+00:00,185.0,2.2,2.68,3.6,0.0,0.0,2.0,82,0.19898261962890623,False,REGULAR,USD,call,2026-07-17
551,JNJ260717C00190000,2025-05-14 13:56:48+00:00,190.0,1.75,1.58,2.91,0.0,0.0,30.0,41,0.19947089599609374,False,REGULAR,USD,call,2026-07-17
552,JNJ260717C00195000,2025-05-16 13:31:08+00:00,195.0,1.52,1.2,2.66,0.0,0.0,1.0,3,0.20798521514892576,False,REGULAR,USD,call,2026-07-17
553,JNJ260717C00200000,2025-05-13 19:48:05+00:00,200.0,1.07,1.06,2.75,0.0,0.0,3.0,8,0.22397626617431637,False,REGULAR,USD,call,2026-07-17
554,JNJ260717C00210000,2025-04-15 14:46:49+00:00,210.0,1.28,0.0,0.0,0.0,0.0,17.0,0,0.062509375,False,REGULAR,USD,call,2026-07-17
555,JNJ260717C00220000,2025-05-13 19:58:51+00:00,220.0,0.93,0.35,1.76,0.0,0.0,125.0,805,0.24329369995117187,False,REGULAR,USD,call,2026-07-17
556,JNJ260717C00230000,2025-05-07 15:31:45+00:00,230.0,0.57,0.2,1.18,0.0,0.0,710.0,1076,0.24134059448242187,False,REGULAR,USD,call,2026-07-17
557,JNJ260717C00240000,2025-04-04 19:52:43+00:00,240.0,0.89,0.01,2.59,0.0,0.0,200.0,201,0.3112861840820312,False,REGULAR,USD,call,2026-07-17
558,JNJ260717C00250000,2025-03-07 17:38:41+00:00,250.0,0.78,0.0,0.0,0.0,0.0,400.0,400,0.12500875,False,REGULAR,USD,call,2026-07-17
559,JNJ260717P00075000,2025-05-19 13:30:03+00:00,75.0,0.94,0.2,0.75,0.33999997,56.666656,20.0,322,0.38233039550781245,False,REGULAR,USD,put,2026-07-17
560,JNJ260717P00080000,2025-04-15 13:33:21+00:00,80.0,1.52,0.0,0.0,0.0,0.0,200.0,0,0.12500875,False,REGULAR,USD,put,2026-07-17
561,JNJ260717P00085000,2025-05-15 18:44:44+00:00,85.0,0.75,0.24,1.98,0.0,0.0,3.0,72,0.40161731201171874,False,REGULAR,USD,put,2026-07-17
562,JNJ260717P00090000,2025-05-01 15:13:46+00:00,90.0,1.2,0.38,1.71,0.0,0.0,200.0,310,0.35547519531249994,False,REGULAR,USD,put,2026-07-17
563,JNJ260717P00095000,2025-04-15 14:46:19+00:00,95.0,1.55,0.0,0.0,0.0,0.0,5.0,0,0.12500875,False,REGULAR,USD,put,2026-07-17
564,JNJ260717P00100000,2025-05-16 15:12:05+00:00,100.0,1.42,0.99,1.63,0.0,0.0,10.0,917,0.2930978894042968,False,REGULAR,USD,put,2026-07-17
565,JNJ260717P00105000,2025-05-19 19:44:28+00:00,105.0,1.71,1.14,2.87,-0.06999993,-3.9325805,8.0,78,0.31317825500488283,False,REGULAR,USD,put,2026-07-17
566,JNJ260717P00110000,2025-05-16 15:16:23+00:00,110.0,2.3,1.04,3.45,0.0,0.0,2.0,4,0.301764794921875,False,REGULAR,USD,put,2026-07-17
567,JNJ260717P00115000,2025-05-09 19:46:14+00:00,115.0,2.79,1.95,3.45,0.0,0.0,2.0,18,0.27210200561523434,False,REGULAR,USD,put,2026-07-17
568,JNJ260717P00120000,2025-05-16 13:30:17+00:00,120.0,3.5,2.96,3.95,0.0,0.0,3.0,42,0.256141471862793,False,REGULAR,USD,put,2026-07-17
569,JNJ260717P00125000,2025-04-02 14:05:38+00:00,125.0,3.51,3.7,4.4,0.0,0.0,40.0,269,0.23746490081787108,False,REGULAR,USD,put,2026-07-17
570,JNJ260717P00130000,2025-04-25 16:18:43+00:00,130.0,5.35,4.7,5.9,0.0,0.0,127.0,358,0.23908231628417967,False,REGULAR,USD,put,2026-07-17
571,JNJ260717P00135000,2025-05-07 18:55:39+00:00,135.0,5.91,6.15,7.3,0.0,0.0,1.0,160,0.2337417935180664,False,REGULAR,USD,put,2026-07-17
572,JNJ260717P00140000,2025-04-29 16:20:24+00:00,140.0,7.46,7.65,8.7,0.0,0.0,1.0,174,0.22458661163330074,False,REGULAR,USD,put,2026-07-17
573,JNJ260717P00145000,2025-05-13 13:30:14+00:00,145.0,10.07,9.3,10.0,0.0,0.0,1.0,93,0.21033504516601562,False,REGULAR,USD,put,2026-07-17
574,JNJ260717P00150000,2025-04-09 14:17:42+00:00,150.0,16.58,10.85,12.05,0.0,0.0,15.0,213,0.20441469421386715,False,REGULAR,USD,put,2026-07-17
575,JNJ260717P00155000,2025-04-24 18:37:33+00:00,155.0,13.8,13.3,14.95,0.0,0.0,1.0,69,0.20719176605224604,True,REGULAR,USD,put,2026-07-17
576,JNJ260717P00160000,2025-04-07 18:54:00+00:00,160.0,18.71,15.2,16.9,0.0,0.0,1.0,30,0.19101761138916018,True,REGULAR,USD,put,2026-07-17
577,JNJ260717P00165000,2025-03-11 14:24:29+00:00,165.0,12.59,19.9,22.55,0.0,0.0,5.0,6,0.22794351165771481,True,REGULAR,USD,put,2026-07-17
578,JNJ260717P00170000,2025-04-29 17:03:36+00:00,170.0,21.13,21.75,23.35,0.0,0.0,7.0,9,0.18424277679443357,True,REGULAR,USD,put,2026-07-17
579,JNJ261218C00075000,2025-01-27 14:49:59+00:00,75.0,75.0,89.55,93.45,0.0,0.0,1.0,0,0.7944966839599608,True,REGULAR,USD,call,2026-12-18
580,JNJ261218C00080000,2025-02-14 18:35:46+00:00,80.0,76.7,81.3,84.5,0.0,0.0,2.0,0,0.6459996337890624,True,REGULAR,USD,call,2026-12-18
581,JNJ261218C00100000,2025-03-03 15:59:29+00:00,100.0,67.8,0.0,0.0,0.0,0.0,3.0,0,1.0000000000000003e-05,True,REGULAR,USD,call,2026-12-18
582,JNJ261218C00115000,2025-02-11 17:42:02+00:00,115.0,44.0,50.1,52.4,0.0,0.0,2.0,2,0.4557854714965821,True,REGULAR,USD,call,2026-12-18
583,JNJ261218C00120000,2025-04-23 19:43:29+00:00,120.0,39.9,36.05,37.75,0.0,0.0,1.0,17,0.2462843927001953,True,REGULAR,USD,call,2026-12-18
584,JNJ261218C00125000,2025-04-10 17:06:24+00:00,125.0,31.2,34.0,37.35,0.0,0.0,1.0,56,0.30084927673339845,True,REGULAR,USD,call,2026-12-18
585,JNJ261218C00130000,2025-02-24 17:44:20+00:00,130.0,39.48,35.75,38.85,0.0,0.0,1.0,441,0.3717103845214844,True,REGULAR,USD,call,2026-12-18
586,JNJ261218C00135000,2025-05-12 16:33:38+00:00,135.0,28.1,25.3,27.25,0.0,0.0,1.0,175,0.23795317718505854,True,REGULAR,USD,call,2026-12-18
587,JNJ261218C00140000,2025-05-15 16:40:00+00:00,140.0,20.5,20.7,23.75,0.0,0.0,1.0,199,0.2291642025756836,True,REGULAR,USD,call,2026-12-18
588,JNJ261218C00145000,2025-05-15 19:34:25+00:00,145.0,18.2,19.15,20.8,0.0,0.0,5.0,35,0.2254716125488281,True,REGULAR,USD,call,2026-12-18
589,JNJ261218C00150000,2025-05-14 13:56:55+00:00,150.0,14.8,16.55,18.0,0.0,0.0,2.0,20,0.22083298706054685,True,REGULAR,USD,call,2026-12-18
590,JNJ261218C00155000,2025-05-12 19:49:52+00:00,155.0,15.8,13.9,15.5,0.0,0.0,9.0,42,0.21723194885253905,False,REGULAR,USD,call,2026-12-18
591,JNJ261218C00160000,2025-05-07 15:03:41+00:00,160.0,15.02,11.7,13.2,0.0,0.0,3.0,82,0.21329522064208983,False,REGULAR,USD,call,2026-12-18
592,JNJ261218C00165000,2025-04-21 19:38:19+00:00,165.0,10.6,9.85,11.2,-2.5899992,-19.636082,2.0,381,0.2103503038024902,False,REGULAR,USD,call,2026-12-18
593,JNJ261218C00170000,2025-05-08 14:54:53+00:00,170.0,10.5,8.15,9.3,0.0,0.0,1.0,146,0.20581848876953124,False,REGULAR,USD,call,2026-12-18
594,JNJ261218C00175000,2025-05-13 18:55:14+00:00,175.0,6.25,6.25,7.85,0.0,0.0,7.0,225,0.20459779785156246,False,REGULAR,USD,call,2026-12-18
595,JNJ261218C00180000,2025-05-13 15:08:09+00:00,180.0,5.1,5.25,6.5,0.0,0.0,2.0,82,0.20209538146972655,False,REGULAR,USD,call,2026-12-18
596,JNJ261218C00185000,2025-05-13 19:38:27+00:00,185.0,3.88,4.3,5.5,0.0,0.0,1.0,46,0.20230900238037108,False,REGULAR,USD,call,2026-12-18
597,JNJ261218C00190000,2025-04-09 14:52:39+00:00,190.0,4.59,2.31,4.85,0.0,0.0,6.0,46,0.20606262695312497,False,REGULAR,USD,call,2026-12-18
598,JNJ261218C00195000,2025-05-14 17:19:51+00:00,195.0,2.28,0.9,3.9,0.0,0.0,9.0,26,0.202583657836914,False,REGULAR,USD,call,2026-12-18
599,JNJ261218C00200000,2025-05-19 14:15:49+00:00,200.0,2.34,2.16,2.72,0.5099999,27.868845,1.0,782,0.19117019775390626,False,REGULAR,USD,call,2026-12-18
600,JNJ261218C00210000,2025-04-29 13:30:02+00:00,210.0,2.25,0.93,2.56,0.0,0.0,4.0,520,0.20948056152343747,False,REGULAR,USD,call,2026-12-18
601,JNJ261218C00220000,2025-05-13 14:57:49+00:00,220.0,0.9,0.83,1.76,0.0,0.0,5.0,842,0.20832090515136714,False,REGULAR,USD,call,2026-12-18
602,JNJ261218C00230000,2025-04-11 18:31:24+00:00,230.0,1.38,0.42,1.15,0.0,0.0,41.0,186,0.20557435058593748,False,REGULAR,USD,call,2026-12-18
603,JNJ261218C00240000,2025-05-07 19:04:29+00:00,240.0,0.69,0.07,2.22,0.0,0.0,228.0,827,0.2564771618652344,False,REGULAR,USD,call,2026-12-18
604,JNJ261218C00250000,2025-04-08 16:59:18+00:00,250.0,0.41,0.0,1.31,0.0,0.0,400.0,402,0.24243921630859372,False,REGULAR,USD,call,2026-12-18
605,JNJ261218P00075000,2025-04-09 13:32:23+00:00,75.0,1.18,0.0,2.21,0.0,0.0,12.0,1000,0.4161435339355468,False,REGULAR,USD,put,2026-12-18
606,JNJ261218P00080000,2025-01-24 19:24:00+00:00,80.0,0.51,0.0,3.0,0.0,0.0,2.0,8,0.41748629394531245,False,REGULAR,USD,put,2026-12-18
607,JNJ261218P00085000,2024-07-12 19:24:40+00:00,85.0,0.94,0.34,2.28,0.0,0.0,2.0,8,0.3569400244140625,False,REGULAR,USD,put,2026-12-18
608,JNJ261218P00090000,2025-05-12 19:52:04+00:00,90.0,1.11,0.47,2.81,0.0,0.0,1.0,39,0.3481510498046875,False,REGULAR,USD,put,2026-12-18
609,JNJ261218P00095000,2025-04-09 14:51:21+00:00,95.0,2.89,0.0,2.61,0.0,0.0,1.0,37,0.3128120477294921,False,REGULAR,USD,put,2026-12-18
610,JNJ261218P00100000,2025-04-04 14:39:09+00:00,100.0,2.24,0.4,2.86,0.0,0.0,1.0,41,0.29407444213867184,False,REGULAR,USD,put,2026-12-18
611,JNJ261218P00105000,2025-03-28 14:01:08+00:00,105.0,1.6,0.0,0.0,0.0,0.0,3.0,0,0.062509375,False,REGULAR,USD,put,2026-12-18
612,JNJ261218P00110000,2025-04-29 13:30:02+00:00,110.0,2.75,1.0,4.05,0.0,0.0,4.0,64,0.2735668347167969,False,REGULAR,USD,put,2026-12-18
613,JNJ261218P00115000,2025-01-28 16:18:35+00:00,115.0,3.03,0.0,4.1,0.0,0.0,1.0,63,0.2483595672607422,False,REGULAR,USD,put,2026-12-18
614,JNJ261218P00120000,2025-05-15 13:30:14+00:00,120.0,5.45,2.8,5.65,0.0,0.0,2.0,378,0.2544325045776368,False,REGULAR,USD,put,2026-12-18
615,JNJ261218P00125000,2025-05-01 15:59:43+00:00,125.0,5.6,5.2,6.0,0.0,0.0,1.0,59,0.23371127624511717,False,REGULAR,USD,put,2026-12-18
616,JNJ261218P00130000,2025-05-05 19:12:30+00:00,130.0,6.5,6.3,7.2,0.0,0.0,1.0,121,0.22687540710449217,False,REGULAR,USD,put,2026-12-18
617,JNJ261218P00135000,2025-04-09 13:30:26+00:00,135.0,12.1,6.9,8.6,0.0,0.0,1.0,10,0.22049729705810545,False,REGULAR,USD,put,2026-12-18
618,JNJ261218P00140000,2025-05-13 17:54:04+00:00,140.0,10.85,9.1,10.1,0.0,0.0,15.0,233,0.21274590972900392,False,REGULAR,USD,put,2026-12-18
619,JNJ261218P00145000,2025-04-15 16:29:10+00:00,145.0,11.41,0.0,0.0,0.0,0.0,1.0,0,0.007822421875,False,REGULAR,USD,put,2026-12-18
620,JNJ261218P00150000,2025-05-13 15:50:27+00:00,150.0,14.9,12.4,13.95,0.0,0.0,3.0,93,0.2003864141845703,False,REGULAR,USD,put,2026-12-18
621,JNJ261218P00155000,2025-04-07 19:42:39+00:00,155.0,18.13,13.55,16.5,0.0,0.0,6.0,58,0.19779244598388673,True,REGULAR,USD,put,2026-12-18
622,JNJ261218P00160000,2025-05-14 18:55:20+00:00,160.0,21.5,17.65,18.9,0.0,0.0,1.0,31,0.1899189895629883,True,REGULAR,USD,put,2026-12-18
623,JNJ261218P00165000,2025-04-14 19:58:49+00:00,165.0,20.78,0.0,0.0,0.0,0.0,15.0,0,1.0000000000000003e-05,True,REGULAR,USD,put,2026-12-18
624,JNJ261218P00170000,2025-04-02 15:00:55+00:00,170.0,21.4,22.4,23.55,0.0,0.0,1.0,0,0.1607749938964844,True,REGULAR,USD,put,2026-12-18
625,JNJ261218P00175000,2024-06-28 14:28:18+00:00,175.0,30.49,19.85,22.75,0.0,0.0,5.0,15,0.06556110229492187,True,REGULAR,USD,put,2026-12-18
626,JNJ261218P00180000,2025-05-13 19:23:59+00:00,180.0,33.4,30.35,31.9,0.0,0.0,3.0,4,0.16965552032470704,True,REGULAR,USD,put,2026-12-18
627,JNJ261218P00185000,2024-12-12 20:52:11+00:00,185.0,38.91,41.9,46.0,0.0,0.0,1.0,1,0.31796946685791017,True,REGULAR,USD,put,2026-12-18
628,JNJ261218P00190000,2025-02-21 19:49:32+00:00,190.0,28.83,30.0,31.7,0.0,0.0,1.0,1,1.0000000000000003e-05,True,REGULAR,USD,put,2026-12-18
629,JNJ261218P00195000,2025-03-03 20:25:23+00:00,195.0,30.35,0.0,0.0,0.0,0.0,1.0,0,1.0000000000000003e-05,True,REGULAR,USD,put,2026-12-18
630,JNJ261218P00200000,2025-03-03 20:25:23+00:00,200.0,34.25,0.0,0.0,0.0,0.0,1.0,0,1.0000000000000003e-05,True,REGULAR,USD,put,2026-12-18
631,JNJ261218P00220000,2025-01-21 16:49:12+00:00,220.0,72.3,59.95,61.5,0.0,0.0,,1,1.0000000000000003e-05,True,REGULAR,USD,put,2026-12-18
632,JNJ261218P00240000,2024-11-07 20:09:18+00:00,240.0,83.5,88.55,92.95,0.0,0.0,1.0,0,0.33029844512939455,True,REGULAR,USD,put,2026-12-18
633,JNJ270115C00075000,2025-05-15 13:39:18+00:00,75.0,73.5,76.75,78.25,0.0,0.0,1.0,6,0.31958688232421867,True,REGULAR,USD,call,2027-01-15
634,JNJ270115C00080000,2025-04-08 19:59:20+00:00,80.0,70.61,73.5,75.05,0.0,0.0,1.0,5,0.3895324719238281,True,REGULAR,USD,call,2027-01-15
635,JNJ270115C00085000,2025-04-15 16:36:15+00:00,85.0,68.9,0.0,0.0,0.0,0.0,5.0,0,1.0000000000000003e-05,True,REGULAR,USD,call,2027-01-15
636,JNJ270115C00090000,2025-04-21 14:53:06+00:00,90.0,68.43,62.2,64.05,0.0,0.0,2.0,6,0.2899851275634765,True,REGULAR,USD,call,2027-01-15
637,JNJ270115C00095000,2025-05-14 17:56:13+00:00,95.0,52.7,57.75,58.95,0.0,0.0,1.0,14,0.26099371826171874,True,REGULAR,USD,call,2027-01-15
638,JNJ270115C00100000,2025-05-19 18:46:57+00:00,100.0,53.57,53.25,54.7,-2.9300003,-5.185841,1.0,52,0.26569337829589845,True,REGULAR,USD,call,2027-01-15
639,JNJ270115C00105000,2025-04-09 14:50:09+00:00,105.0,44.5,50.2,51.8,0.0,0.0,15.0,3,0.2998727239990234,True,REGULAR,USD,call,2027-01-15
640,JNJ270115C00110000,2025-05-16 19:57:58+00:00,110.0,44.0,44.6,45.75,0.0,0.0,2.0,32,0.24713887634277343,True,REGULAR,USD,call,2027-01-15
641,JNJ270115C00115000,2025-03-06 19:22:52+00:00,115.0,53.37,42.05,44.05,0.0,0.0,1.0,4,0.2935251312255859,True,REGULAR,USD,call,2027-01-15
642,JNJ270115C00120000,2025-05-15 18:02:42+00:00,120.0,34.36,36.85,38.05,0.0,0.0,1.0,54,0.246375944519043,True,REGULAR,USD,call,2027-01-15
643,JNJ270115C00125000,2025-05-15 15:21:54+00:00,125.0,30.85,32.9,34.0,0.0,0.0,1.0,47,0.23694610717773437,True,REGULAR,USD,call,2027-01-15
644,JNJ270115C00130000,2025-05-14 19:54:32+00:00,130.0,25.95,29.55,30.6,0.0,0.0,3.0,136,0.23596955444335935,True,REGULAR,USD,call,2027-01-15
645,JNJ270115C00135000,2025-05-16 13:45:05+00:00,135.0,24.67,26.4,28.0,0.0,0.0,2.0,34,0.24353783813476562,True,REGULAR,USD,call,2027-01-15
646,JNJ270115C00140000,2025-05-19 16:03:56+00:00,140.0,23.2,23.0,24.1,0.52000046,2.2927709,5.0,280,0.22872170211791992,True,REGULAR,USD,call,2027-01-15
647,JNJ270115C00145000,2025-05-19 17:46:07+00:00,145.0,20.25,20.1,20.95,0.6499996,3.3163245,2.0,120,0.22220626434326168,True,REGULAR,USD,call,2027-01-15
648,JNJ270115C00150000,2025-05-19 17:59:46+00:00,150.0,17.5,17.2,18.25,0.5100002,3.0017672,2.0,180,0.21894091613769529,True,REGULAR,USD,call,2027-01-15
649,JNJ270115C00155000,2025-05-19 13:30:09+00:00,155.0,15.0,14.4,15.75,0.5100002,3.5196705,1.0,265,0.2153398779296875,False,REGULAR,USD,call,2027-01-15
650,JNJ270115C00160000,2025-05-19 15:09:03+00:00,160.0,12.95,12.2,13.45,0.3899994,3.1050906,6.0,268,0.21149470153808592,False,REGULAR,USD,call,2027-01-15
651,JNJ270115C00165000,2025-05-16 16:40:09+00:00,165.0,10.45,9.75,11.85,0.0,0.0,1.0,344,0.21381401428222657,False,REGULAR,USD,call,2027-01-15
652,JNJ270115C00170000,2025-05-19 15:48:56+00:00,170.0,8.68,8.85,9.6,0.14000034,1.6393483,71.0,124,0.2049945223999023,False,REGULAR,USD,call,2027-01-15
653,JNJ270115C00175000,2025-05-19 17:08:48+00:00,175.0,7.62,7.2,8.9,0.52,7.3239436,2.0,330,0.2142107388305664,False,REGULAR,USD,call,2027-01-15
654,JNJ270115C00180000,2025-05-19 16:02:20+00:00,180.0,6.2,5.95,6.8,0.90999985,17.202265,13.0,1437,0.20172917419433595,False,REGULAR,USD,call,2027-01-15
655,JNJ270115C00185000,2025-05-14 16:14:56+00:00,185.0,3.9,4.65,5.6,0.0,0.0,10.0,92,0.1991046887207031,False,REGULAR,USD,call,2027-01-15
656,JNJ270115C00190000,2025-04-24 19:20:13+00:00,190.0,5.17,2.42,4.65,0.0,0.0,25.0,143,0.19791451507568358,False,REGULAR,USD,call,2027-01-15
657,JNJ270115C00195000,2025-05-16 19:15:26+00:00,195.0,3.25,2.88,4.0,0.0,0.0,2.0,116,0.19962348236083982,False,REGULAR,USD,call,2027-01-15
658,JNJ270115C00200000,2025-05-19 15:18:16+00:00,200.0,2.81,2.41,3.05,0.24000001,9.338522,7.0,519,0.19352002777099608,False,REGULAR,USD,call,2027-01-15
659,JNJ270115C00210000,2025-05-14 18:18:33+00:00,210.0,1.33,1.53,2.64,0.0,0.0,2.0,2012,0.20642883422851557,False,REGULAR,USD,call,2027-01-15
660,JNJ270115C00220000,2025-05-14 14:35:15+00:00,220.0,0.85,0.99,1.89,0.0,0.0,1.0,817,0.20710021423339842,False,REGULAR,USD,call,2027-01-15
661,JNJ270115C00230000,2025-04-11 18:31:24+00:00,230.0,1.5,0.5,1.22,0.0,0.0,41.0,355,0.20325503784179685,False,REGULAR,USD,call,2027-01-15
662,JNJ270115C00240000,2025-05-07 19:04:29+00:00,240.0,0.76,0.14,2.26,0.0,0.0,228.0,853,0.2515943981933594,False,REGULAR,USD,call,2027-01-15
663,JNJ270115C00250000,2025-05-14 19:19:56+00:00,250.0,0.39,0.33,1.35,0.0,0.0,1.0,445,0.23828886718749998,False,REGULAR,USD,call,2027-01-15
664,JNJ270115P00075000,2025-05-16 15:49:05+00:00,75.0,1.01,0.05,2.58,0.0,0.0,2.0,1003,0.4232235412597656,False,REGULAR,USD,put,2027-01-15
665,JNJ270115P00080000,2025-05-16 15:49:05+00:00,80.0,1.23,0.38,1.21,0.0,0.0,2.0,56,0.32471378417968744,False,REGULAR,USD,put,2027-01-15
666,JNJ270115P00085000,2025-05-13 14:20:46+00:00,85.0,1.2,0.49,2.49,0.0,0.0,11.0,26,0.3570010589599609,False,REGULAR,USD,put,2027-01-15
667,JNJ270115P00090000,2025-05-15 13:33:49+00:00,90.0,1.6,0.33,2.83,0.0,0.0,1.0,29,0.3407048352050781,False,REGULAR,USD,put,2027-01-15
668,JNJ270115P00095000,2025-05-16 15:49:05+00:00,95.0,1.71,0.92,2.71,0.0,0.0,2.0,4,0.3089058367919921,False,REGULAR,USD,put,2027-01-15
669,JNJ270115P00100000,2025-05-16 15:49:05+00:00,100.0,2.08,1.38,3.25,0.0,0.0,2.0,52,0.2988961712646484,False,REGULAR,USD,put,2027-01-15
670,JNJ270115P00105000,2025-05-14 15:20:50+00:00,105.0,2.7,2.18,4.1,-0.5,-15.625,1.0,66,0.29505099487304687,False,REGULAR,USD,put,2027-01-15
671,JNJ270115P00110000,2025-05-15 16:54:48+00:00,110.0,3.7,2.83,4.15,0.0,0.0,1.0,187,0.2695385546875,False,REGULAR,USD,put,2027-01-15
672,JNJ270115P00115000,2025-05-09 19:11:02+00:00,115.0,4.1,1.57,5.55,0.0,0.0,1000.0,1068,0.2735668347167969,False,REGULAR,USD,put,2027-01-15
673,JNJ270115P00120000,2025-05-15 19:37:54+00:00,120.0,5.3,4.5,5.15,0.0,0.0,13.0,237,0.23874662628173826,False,REGULAR,USD,put,2027-01-15
674,JNJ270115P00125000,2025-05-14 16:30:41+00:00,125.0,6.0,5.55,7.05,-1.1999998,-16.666664,1.0,217,0.24677266906738282,False,REGULAR,USD,put,2027-01-15
675,JNJ270115P00130000,2025-05-19 15:48:56+00:00,130.0,7.01,6.6,7.35,-0.9699998,-12.155386,85.0,130,0.22403730072021477,False,REGULAR,USD,put,2027-01-15
676,JNJ270115P00135000,2025-05-13 17:40:39+00:00,135.0,9.2,8.1,8.75,0.0,0.0,1.0,395,0.21759815612792968,False,REGULAR,USD,put,2027-01-15
677,JNJ270115P00140000,2025-05-16 14:17:57+00:00,140.0,10.4,9.6,11.0,0.0,0.0,1.0,192,0.22046677978515622,False,REGULAR,USD,put,2027-01-15
678,JNJ270115P00145000,2025-05-19 14:32:59+00:00,145.0,12.0,11.35,12.8,-2.0,-14.285714,1.0,181,0.2136766865539551,False,REGULAR,USD,put,2027-01-15
679,JNJ270115P00150000,2025-05-19 17:52:21+00:00,150.0,14.2,13.0,15.4,-0.09000015,-0.6298121,8.0,732,0.214576946105957,False,REGULAR,USD,put,2027-01-15
680,JNJ270115P00155000,2025-05-19 17:56:39+00:00,155.0,15.95,15.5,16.9,-1.5099993,-8.648335,3.0,297,0.1982807223510742,True,REGULAR,USD,put,2027-01-15
681,JNJ270115P00160000,2025-05-09 19:11:02+00:00,160.0,17.95,18.0,19.15,0.0,0.0,501.0,746,0.18869829864501952,True,REGULAR,USD,put,2027-01-15
682,JNJ270115P00165000,2025-05-13 13:33:19+00:00,165.0,22.25,19.05,22.0,0.0,0.0,5.0,574,0.18357139678955076,True,REGULAR,USD,put,2027-01-15
683,JNJ270115P00170000,2025-05-06 17:44:37+00:00,170.0,23.35,23.9,26.0,0.0,0.0,10.0,14,0.1905598522949219,True,REGULAR,USD,put,2027-01-15
684,JNJ270115P00175000,2025-05-01 13:43:31+00:00,175.0,27.49,27.35,28.6,0.0,0.0,1.0,25,0.17539276763916017,True,REGULAR,USD,put,2027-01-15
685,JNJ270115P00180000,2025-04-10 18:44:43+00:00,180.0,34.65,29.8,31.6,0.0,0.0,2.0,3,0.16086654571533204,True,REGULAR,USD,put,2027-01-15
686,JNJ270115P00185000,2025-02-11 20:02:09+00:00,185.0,30.76,26.55,27.6,0.0,0.0,1.0,2,1.0000000000000003e-05,True,REGULAR,USD,put,2027-01-15
687,JNJ270115P00190000,2025-03-20 14:35:18+00:00,190.0,30.12,34.65,36.45,0.0,0.0,1.0,4,1.0000000000000003e-05,True,REGULAR,USD,put,2027-01-15
688,JNJ270115P00195000,2025-02-25 20:31:36+00:00,195.0,31.21,32.25,34.55,0.0,0.0,1.0,0,1.0000000000000003e-05,True,REGULAR,USD,put,2027-01-15
689,JNJ270115P00200000,2025-02-25 20:31:36+00:00,200.0,35.17,36.65,38.3,0.0,0.0,1.0,1,1.0000000000000003e-05,True,REGULAR,USD,put,2027-01-15
690,JNJ270115P00210000,2025-05-06 17:44:37+00:00,210.0,55.6,57.7,59.2,0.0,0.0,10.0,10,0.18384605224609374,True,REGULAR,USD,put,2027-01-15
691,JNJ270115P00250000,2025-04-03 16:13:08+00:00,250.0,89.85,92.8,96.65,0.0,0.0,,0,1.0000000000000003e-05,True,REGULAR,USD,put,2027-01-15
